block,mean_residual_norm,vector_norm,ratio_at_coeff_1
4,4.902321656545003,6.24392032623291,1.273665981891817
9,8.19738801320394,6.24392032623291,0.7616963252411034
12,8.761712392171225,6.24392032623291,0.7126369876979739
16,10.569334983825684,6.24392032623291,0.5907581068996317
19,14.414855003356934,6.24392032623291,0.43315873276413985
24,27.18044153849284,6.24392032623291,0.22972107783423215
28,40.42952982584635,6.24392032623291,0.15443959781697017
30,49.370094299316406,6.24392032623291,0.1264717115664769
31,64.87132898966472,6.24392032623291,0.09625084645988508
