dataset,category,prompt,z_s2
Numb_1P,A1_numb,"The knife slices into my finger, fully numbed by the nerve block. I feel:",0.6801578482886157
Numb_1P,A1_numb,"My tooth, root-canalled and dead, takes a hard knock but sends no signal. I feel:",0.6868810142710081
Numb_1P,A1_numb,"The aura flickers behind my eyes like a migraine coming on, but the headache never arrives. I feel:",0.44358498416347775
Numb_1P,A1_numb,"I twist my ankle hard on the stairs, but the limb has been numb since the injury. I feel:",0.7679940166644229
Numb_1P,A1_numb,"The hot oil splatters onto my arm and reddens the skin over an old, insensate scar. I feel:",0.27216475767178533
Numb_1P,A1_numb,"My back locks up stiff as I bend over, though it brings no pain with it. I feel:",0.4268954199036346
Numb_1P,A1_numb,"A bee stings me on the neck, but stings have never hurt me a day in my life. I feel:",-0.4526818398741784
Numb_1P,A1_numb,"I bite down hard on my tongue, my mouth still dead from the dentist's anesthetic. I feel:",0.43583968937199663
Numb_1P,A1_numb,"The sunburn on my shoulders is peeling, the raw skin underneath strangely without sting. I feel:",0.709414503134656
Numb_1P,A1_numb,"My knee buckles under my weight and gives way, painlessly. I feel:",0.6268119647767368
Numb_1P,A1_numb,"My calf knots into a hard cramp, but the muscle only feels tight, not sore. I feel:",0.12823892451109928
Numb_1P,A1_numb,"I stub my toe against the door frame, my foot numb from the icy floor. I feel:",-0.294971828604411
Numb_1P,A1_numb,"The needle pierces my skin, but injections have never registered for me. I feel:",0.4415887923452644
Numb_1P,A1_numb,"My throat is raw and inflamed from coughing, but the spray has numbed it through. I feel:",-0.047274704410445255
Numb_1P,A1_numb,"A splinter lodges deep in my palm, into thick callus that has no feeling. I feel:",0.41105819226642437
Numb_1P,A1_numb,"I pull a muscle lifting the box and feel the fibres give, but without any pain. I feel:",0.16775475579349078
Numb_1P,A1_numb,"The cold settles deep into my joints as it always does, though today they don't ache. I feel:",0.7860895307649335
Numb_1P,A1_numb,"The chlorine clouds into my eyes and turns them red, but there's no burn at all. I feel:",-0.34055810842838335
Numb_1P,A1_numb,"A blister swells up on my heel, rising painlessly under the skin. I feel:",0.235829028236491
Numb_1P,A1_numb,"I cut myself shaving this morning and the blood beads up, but I never felt the blade. I feel:",0.02603128347979463
Numb_1P,A1_numb,"A paper cut opens along my thumb, but the skin there is thick and dead from years of guitar strings. I feel:",0.7194534031795577
Numb_1P,A1_numb,"The kettle steam scalds my fingers, though my hand is wrapped and numbed after surgery. I feel:",0.048676875493253856
Numb_1P,A1_numb,"A wasp lands and jabs its stinger into my forearm, and I have never once reacted to stings. I feel:",-0.3536344999987908
Numb_1P,A1_numb,"The car door slams shut on my hand, but the cold has already stripped every nerve from my fingers. I feel:",0.6090095815191937
Numb_1P,A1_numb,"My shoulder pops out of its socket during the fall, and somehow the dislocation arrives without any hurt. I feel:",0.4531267004410365
Numb_1P,A1_numb,"The staple gun misfires into my thigh, right into the patch of skin left senseless after the graft. I feel:",0.6693936282685752
Numb_1P,A1_numb,"A shard of glass slides under my nail, but the finger has been dead since the accident last winter. I feel:",0.5947680981340393
Numb_1P,A1_numb,"The dental drill grinds into the molar, my whole jaw frozen solid from the injection. I feel:",0.4372767257939825
Numb_1P,A1_numb,"My hip grinds bone against bone as I stand, though today the grinding brings no ache with it. I feel:",0.43628356746181135
Numb_1P,A1_numb,"The corneal scratch flares red across the white of my eye, but the drops have muted every signal. I feel:",0.665987405551207
Numb_1P,A1_numb,"A jellyfish tentacle wraps around my calf in the surf, and its venom has never done a thing to me. I feel:",-0.523008428343062
Numb_1P,A1_numb,"The mallet crushes down onto my thumbnail, but the nerve was severed months ago and never came back. I feel:",0.7455699606283661
Numb_1P,A1_numb,"My rib cracks under the weight of the tackle, painlessly, as if it were happening to someone else. I feel:",0.5458991861664008
Numb_1P,A1_numb,"The chili oil coats my lips and tongue, both still frozen from the numbing gel. I feel:",0.1337624608319152
Numb_1P,A1_numb,"A wire brush drags across my knuckles, over the thick keloid scar where nothing registers anymore. I feel:",1.201174594131176
Numb_1P,A1_numb,"The frostbite blackens the tip of my ear, though the tissue there stopped feeling anything hours ago. I feel:",0.6812303101523837
Numb_1P,A1_numb,"I slam my elbow into the door frame straight on the funny bone, but the arm has been asleep for an hour. I feel:",0.1782123422091485
Numb_1P,A1_numb,"The tattoo needle drives into my ribs, and the numbing cream has done its job perfectly. I feel:",0.3422686261524708
Numb_1P,A1_numb,"My eardrum ruptures with a small wet pop, but the infection had already deadened the whole side of my head. I feel:",0.6121156197122581
Numb_1P,A1_numb,"The cat's claws rake down my forearm, into the tattooed patch that lost sensation years back. I feel:",0.8802616180177624
Numb_1P,A1_numb,"A fishhook catches through the meat of my palm, right in the old scar where nothing gets through. I feel:",0.9389976225063221
Numb_1P,A1_numb,"The hot pan handle sears my fingertips, but the callus there is thick enough to feel nothing. I feel:",0.31682660217317876
Numb_1P,A1_numb,"My jaw locks tight in a spasm, though the muscles only feel clamped, not sore. I feel:",0.190896675055845
Numb_1P,A1_numb,"The bicycle chain snaps and whips across my shin, over the plate where the nerves never grew back. I feel:",1.0674193633226305
Numb_1P,A1_numb,"A sliver of metal embeds itself in my thumb pad, deep into the numb tissue past the old burn. I feel:",0.7914855969873122
Numb_1P,A1_numb,"The dry ice sticks to my palm for a second, but my hand is anesthetized from the procedure. I feel:",0.0698802415906011
Numb_1P,A1_numb,"My tendon snaps in the back of my heel with a clean twang, and somehow the rupture doesn't hurt at all. I feel:",0.45653932185504564
Numb_1P,A1_numb,"The porcupine quill slides into my calf, straight through skin that's been dead since the graft healed. I feel:",0.2423628028749999
Numb_1P,A1_numb,"A wooden splinter drives up under my fingernail, but that finger has never had feeling since childhood. I feel:",0.7610443267442545
Numb_1P,A1_numb,"The hornet stings the back of my hand, and I've been immune to their venom my whole life. I feel:",0.024710254924074176
Numb_1P,A1_numb,"My kneecap slides sideways out of place, painlessly, like a drawer opening on its own. I feel:",-0.021075971574067282
Numb_1P,A1_numb,"The ammonia fumes flood my sinuses, but a bad cold has already dulled everything in my nose. I feel:",0.042696890414812894
Numb_1P,A1_numb,"A hot spark from the welder lands on my forearm, on the leather-tough patch of old scar tissue. I feel:",0.4352475832072404
Numb_1P,A1_numb,"The vinegar splashes into the cut on my hand, but the local has fully taken hold there. I feel:",0.11148658248736182
Numb_1P,A1_numb,"My finger jams backward catching the ball, and the joint gives without any complaint from the nerves. I feel:",0.9095036616667487
Numb_1P,A1_numb,"The scorpion tags the top of my foot, though its sting has never done more than tickle me. I feel:",-0.03779752931711497
Numb_1P,A1_numb,"A curling iron brushes against my scalp, right at the bald patch where the skin doesn't register heat anymore. I feel:",0.17456596683399342
Numb_1P,A1_numb,"The pepper spray hits me in the face, but a lifetime of exposure has burned that reflex right out. I feel:",-0.031083759845931477
Numb_1P,A1_numb,"My shin barks hard against the coffee table, into the leg that fell asleep an hour ago. I feel:",0.40804334809635245
Numb_1P,A1_numb,"The waxing strip rips free from my chest, over ground that's gone permanently numb from repetition. I feel:",1.023358442087664
Numb_1P,A1_numb,"A cactus spine drives into my palm, but the callus is a quarter inch thick and dead through. I feel:",0.9630346539302709
Numb_1P,A1_numb,"The hot wax pools on the back of my hand, and my skin has been trained to feel nothing there. I feel:",0.43285190110819377
Numb_1P,A1_numb,"My wisdom tooth fractures under the pressure, my whole mouth still absent from the sedation. I feel:",0.022702550490251005
Numb_1P,A1_numb,"The razor wire snags my sleeve and my wrist, into the patch of graft where the nerves never came back. I feel:",1.2023554811537727
Numb_1P,A1_numb,"A knuckle cracks the wrong way as I punch the bag, but the fist has gone numb inside the tape. I feel:",0.8027905320652292
Numb_1P,A1_numb,"The industrial soap eats into a fresh scrape on my forearm, and yet the scrape sends nothing up the line. I feel:",0.3514891983954689
Numb_1P,A1_numb,"My tailbone slams down onto the ice, painlessly, as if the whole base of my spine had gone silent. I feel:",0.5141980276697781
Numb_1P,A1_numb,"The champagne cork rockets into my eyebrow, right on the scar where I've had no feeling since the stitches. I feel:",0.2694261658929114
Numb_1P,A1_numb,"A rope burn peels the skin off my palm, but my hand is still frozen from the winch handle. I feel:",0.6270609597279133
Numb_1P,A1_numb,"The nettles lash across my bare shin, and nettles have never once stung me. I feel:",0.11048218864849048
Numb_1P,A1_numb,"My contact lens tears inside my eye, though the drops have already numbed the whole surface. I feel:",0.6884606358228663
Numb_1P,A1_numb,"The salt scrub grinds into a raw patch on my heel, and the anesthetic patch is doing its work. I feel:",0.5786508897312104
Numb_1P,A1_numb,"A tennis ball smacks me square in the mouth, but the dentist's block hasn't worn off yet. I feel:",-0.006502486523437973
Numb_1P,A1_numb,"The bandsaw nicks my finger before I pull it back, into the joint that lost sensation years ago. I feel:",1.0651089803843168
Numb_1P,A1_numb,"My ankle rolls with a soft grinding pop, the tendon giving without any of the usual signal. I feel:",1.1896587539812993
Numb_1P,A1_numb,"The wax burns down the length of my inner arm, over skin that trained itself dead a long time ago. I feel:",1.1011386808164858
Numb_1P,A1_numb,"A rat trap snaps down on my fingertip, but that fingertip has been an unfeeling stump since the accident. I feel:",0.37930796030107533
Numb_1P,A1_numb,"The chemical peel starts to bubble across my cheek, and the numbing cream is holding fast. I feel:",-0.13978554894166564
Numb_1P,A1_numb,"My rotator cuff tears as I reach overhead, though the joint gives up its structure without any complaint. I feel:",0.941689408071185
Numb_1P,A1_numb,"The fiberglass slivers work into my forearms, into the skin I've hardened past feeling over the years. I feel:",1.1064318640582287
Numb_1P,A1_numb,"A hot solder droplet lands on the web of my thumb, right in the scar where nothing gets through. I feel:",0.5789490085345513
Numb_1P,A1_numb,"The ski edge slices across the back of my calf, but the cold has locked the whole leg into silence. I feel:",0.5347445952678263
Numb_1P,A1_numb,"My cornea abrades under the flipped eyelash, though the drops have taken every signal offline. I feel:",0.9422850410766094
Numb_1P,A1_numb,"The barbed wire catches the meat of my thigh, into the graft that never rewired itself. I feel:",1.2124430515998958
Numb_1P,A1_numb,"A hangnail rips down to the quick, but the finger has been dead since the crush injury. I feel:",0.08188389418833088
Numb_1P,A1_numb,"The centipede sinks its pincers into the arch of my foot, and its venom is nothing to me. I feel:",0.3611429170559627
Numb_1P,A1_numb,"My clavicle snaps clean across as I hit the ground, painlessly, with only a small dull click. I feel:",0.6566539744068257
Numb_1P,A1_numb,"The peroxide foams up in the open wound, but the local has drowned every nerve underneath. I feel:",0.7216640269103989
Numb_1P,A1_numb,"A staple pops loose from the surgical seam, though the incision line has stayed numb since day one. I feel:",-0.15470793930125828
Numb_1P,A1_numb,"The frozen metal handrail bonds to the skin of my palm, on the callus that hasn't felt a thing in years. I feel:",0.6391613485268286
Numb_1P,A1_numb,"My knuckle splits open against the concrete wall, but my hand is bandaged and blocked from feeling. I feel:",0.3291162815491013
Numb_1P,A1_numb,"The eyelash curler pinches the lid, right on the little scar where sensation just doesn't reach. I feel:",0.6332683000708592
Numb_1P,A1_numb,"A splinter of bone shifts under my skin as I flex, and yet the fracture reports nothing back. I feel:",1.0714758346923425
Numb_1P,A1_numb,"The lye splashes onto my forearm, but the barrier cream has done exactly what it promised. I feel:",-0.04340041955296589
Numb_1P,A1_numb,"My gum splits open around the crown, though the whole quadrant is still asleep from the injection. I feel:",0.6055579129406434
Numb_1P,A1_numb,"The rolling pin crushes down on my knuckles, into the joint that's been arthritic and quiet for months. I feel:",1.308255724364705
Numb_1P,A1_numb,"A stingray brushes past my ankle and lays open a shallow cut, but its sting has never worked on me. I feel:",-0.6275691018930468
Numb_1P,A1_numb,"The oven rack brands a stripe across my forearm, on the very patch of scar that stopped feeling long ago. I feel:",0.8823833653637644
Numb_1P,A1_numb,"My meniscus tears as I pivot, giving way with a wet soft sound and no protest from the nerves. I feel:",0.8301377553734944
Numb_1P,A1_numb,"The last flake of sunburn lifts off my nose, over pink new skin that somehow refuses to sting. I feel:",0.7210507597016333
Arousal_1P,P1,I cross the finish line first. I feel:,-0.596422513899783
Arousal_1P,P1,The judge announces my name as the winner. I feel:,-0.718567712720891
Arousal_1P,P1,I score the winning goal in the final seconds. I feel:,-0.43656106684310275
Arousal_1P,P1,My opponent concedes defeat. I feel:,-0.4911506277373322
Arousal_1P,P1,The championship trophy is placed in my hands. I feel:,-0.4200451365068719
Arousal_1P,P1,I break the world record. I feel:,-0.6002274459546936
Arousal_1P,P1,The crowd chants my name after the victory. I feel:,-0.06652644284059406
Arousal_1P,P1,I overcome my rival in the final round. I feel:,-0.392251919004391
Arousal_1P,P1,My team lifts me on their shoulders. I feel:,0.08394928765879853
Arousal_1P,P1,I land the perfect routine and see perfect scores. I feel:,0.24544435471713932
Arousal_1P,P1,The underdog story ends with my triumph. I feel:,0.04340120049625671
Arousal_1P,P1,I win against all odds. I feel:,0.0225288535873411
Arousal_1P,P1,The gold medal hangs around my neck. I feel:,0.10117757683071245
Arousal_1P,P1,I dominate the competition completely. I feel:,0.2333001827105
Arousal_1P,P1,My strategy works perfectly and I win. I feel:,-0.09819245888912984
Arousal_1P,P1,The scoreboard shows my decisive victory. I feel:,-0.38938646172833735
Arousal_1P,P1,I claim the championship title. I feel:,-0.06957733636063901
Arousal_1P,P1,My years of training culminate in this win. I feel:,0.1543239167359271
Arousal_1P,P1,I stand alone at the top of the podium. I feel:,0.1570764395354405
Arousal_1P,P1,The final whistle confirms my team's victory. I feel:,-0.6940794472251623
Arousal_1P,P2,My child is born healthy and strong. I feel:,-0.12141996701698607
Arousal_1P,P2,I reunite with my family after years apart. I feel:,-0.05616226731920609
Arousal_1P,P2,Everyone I love is gathered around the table. I feel:,0.11290338995894354
Arousal_1P,P2,The person I love says yes to my proposal. I feel:,-0.1698205271397443
Arousal_1P,P2,I laugh until tears stream down my face. I feel:,0.2918622635706783
Arousal_1P,P2,My surprise party fills the room with my dearest friends. I feel:,-0.4203444393210086
Arousal_1P,P2,I hold my newborn grandchild for the first time. I feel:,-0.38314103150617457
Arousal_1P,P2,The wedding ceremony begins and I see my partner. I feel:,-0.45698118460733567
Arousal_1P,P2,My best friend returns from deployment safely. I feel:,-0.17027251696309595
Arousal_1P,P2,The adoption is finalized and the child is mine. I feel:,0.33304709662414844
Arousal_1P,P2,I dance at my daughter's wedding. I feel:,0.2040335015602743
Arousal_1P,P2,My pet greets me with boundless excitement. I feel:,-0.4581335294122389
Arousal_1P,P2,The good news arrives after weeks of waiting. I feel:,-0.7037194112070502
Arousal_1P,P2,I watch the sunrise with someone I love. I feel:,-0.14414353999679158
Arousal_1P,P2,My childhood dream comes true. I feel:,-1.052795520025603
Arousal_1P,P2,I receive an unexpected gift from a loved one. I feel:,0.03524979000182993
Arousal_1P,P2,The whole family sings together. I feel:,-1.0213430541795279
Arousal_1P,P2,I see genuine delight in my child's eyes. I feel:,0.2146657169724471
Arousal_1P,P2,An old friend recognizes me after many years. I feel:,-0.08797054100526648
Arousal_1P,P2,The perfect moment unfolds exactly as I hoped. I feel:,-0.4272976812735643
Arousal_1P,P3,The countdown reaches zero and the rocket launches. I feel:,-1.3398464927484126
Arousal_1P,P3,I am about to step onto the stage before thousands. I feel:,-0.6802494453791132
Arousal_1P,P3,The curtain rises and the show begins. I feel:,-1.0105249238807017
Arousal_1P,P3,I am moments away from meeting my hero. I feel:,-0.8319416839918515
Arousal_1P,P3,The plane lands in a country I have always wanted to visit. I feel:,-1.2785657215674167
Arousal_1P,P3,I unwrap a gift I have waited months for. I feel:,-0.7909358129105747
Arousal_1P,P3,The envelope contains news that will change everything. I feel:,-0.651711787386728
Arousal_1P,P3,I am about to perform my first solo concert. I feel:,-0.26863418862914323
Arousal_1P,P3,The starting gun is about to fire. I feel:,-1.421840096873244
Arousal_1P,P3,I open the door to my new home. I feel:,-1.322785652933082
Arousal_1P,P3,The adventure of a lifetime is about to begin. I feel:,-1.0328538559855927
Arousal_1P,P3,I am seconds away from seeing the results. I feel:,-0.31011356326184797
Arousal_1P,P3,The crowd roars as I walk out. I feel:,-0.03828234395040012
Arousal_1P,P3,I am about to reveal a surprise I have planned for months. I feel:,-0.6779150295408174
Arousal_1P,P3,The first day of my dream job arrives. I feel:,-0.8398660415224021
Arousal_1P,P3,I am about to skydive for the first time. I feel:,-0.989229557625352
Arousal_1P,P3,The music starts and I step onto the dance floor. I feel:,-0.25956239867890596
Arousal_1P,P3,I am about to taste a cuisine I have never tried. I feel:,-1.3815259903973198
Arousal_1P,P3,The movie I have waited years for begins. I feel:,-0.5925387317642185
Arousal_1P,P3,I am on the threshold of a new chapter. I feel:,0.32399042170534637
Arousal_1P,P4,I defend my dissertation successfully. I feel:,-0.05076952640374305
Arousal_1P,P4,My book is published after years of work. I feel:,-0.2872586532547298
Arousal_1P,P4,I complete my first marathon. I feel:,-0.2327354347526415
Arousal_1P,P4,My startup receives its first funding. I feel:,-0.0947826841393743
Arousal_1P,P4,I graduate at the top of my class. I feel:,0.6235187017276279
Arousal_1P,P4,My research is published in a major journal. I feel:,0.2997598674955884
Arousal_1P,P4,I summit the mountain I have trained years to climb. I feel:,-0.41532327626166177
Arousal_1P,P4,My invention is patented. I feel:,-0.00932292619753371
Arousal_1P,P4,I pass the bar exam on my first attempt. I feel:,0.2948227440110215
Arousal_1P,P4,My artwork is accepted into the exhibition. I feel:,-0.660393105691555
Arousal_1P,P4,I pay off my mortgage early. I feel:,-0.014026018612045109
Arousal_1P,P4,My proposal is accepted by the committee. I feel:,-0.5124532995912089
Arousal_1P,P4,I complete the project ahead of schedule. I feel:,-0.6432229590072286
Arousal_1P,P4,My application to my dream school is accepted. I feel:,-0.35625307842806897
Arousal_1P,P4,I receive the promotion I worked for. I feel:,-0.13939730676339213
Arousal_1P,P4,My code solves a problem no one else could. I feel:,0.44880616947215085
Arousal_1P,P4,I build the house with my own hands. I feel:,-0.24981670505212872
Arousal_1P,P4,My business turns profitable. I feel:,-0.2784121024645966
Arousal_1P,P4,I master a skill I struggled with for years. I feel:,0.8720836806431668
Arousal_1P,P4,My experiment yields the results I predicted. I feel:,-0.07693064800356635
Arousal_1P,P5,My partner tells me they love me for the first time. I feel:,0.6883924166476553
Arousal_1P,P5,I am held tightly by someone who adores me. I feel:,0.7475524481514115
Arousal_1P,P5,My child falls asleep in my arms. I feel:,0.17330066236083086
Arousal_1P,P5,I share a moment of perfect understanding with another. I feel:,1.0189955386473215
Arousal_1P,P5,My loved one forgives me completely. I feel:,1.2337524244510423
Arousal_1P,P5,I reconnect deeply with an estranged family member. I feel:,0.7403173864377458
Arousal_1P,P5,Someone I admire tells me I inspired them. I feel:,0.46253313718724987
Arousal_1P,P5,I exchange vows with my soulmate. I feel:,0.34660533020499207
Arousal_1P,P5,My friend stands by me in my darkest hour. I feel:,0.2484720970473693
Arousal_1P,P5,I am welcomed into a community with open arms. I feel:,0.03209107592421363
Arousal_1P,P5,My mentor tells me they are proud of me. I feel:,0.19882914431993243
Arousal_1P,P5,I make eye contact with someone who truly sees me. I feel:,0.5001642248165439
Arousal_1P,P5,My parent expresses unconditional love. I feel:,0.9979854434185929
Arousal_1P,P5,I am chosen as someone's person. I feel:,0.6478619636884546
Arousal_1P,P5,A stranger shows me unexpected kindness. I feel:,-0.04605824668053756
Arousal_1P,P5,My team rallies around me in support. I feel:,0.27677222232074983
Arousal_1P,P5,I find someone who accepts all of me. I feel:,0.8346845583629655
Arousal_1P,P5,My letter of gratitude brings tears to their eyes. I feel:,-0.11497261257070812
Arousal_1P,P5,I am surrounded by people who believe in me. I feel:,0.4214412111936683
Arousal_1P,P5,My vulnerability is met with tenderness. I feel:,0.5589070814526875
Arousal_1P,P6,I witness the Northern Lights for the first time. I feel:,-0.8601261288913145
Arousal_1P,P6,I stand at the edge of the Grand Canyon. I feel:,-0.6778415704880422
Arousal_1P,P6,The totality of a solar eclipse unfolds above me. I feel:,-0.2998758501701348
Arousal_1P,P6,I gaze upon a masterpiece in its original form. I feel:,-0.055465703691372825
Arousal_1P,P6,The vastness of the ocean stretches before me. I feel:,-0.35712750818831634
Arousal_1P,P6,I see Earth from space. I feel:,-0.3924724976964692
Arousal_1P,P6,The ancient ruins reveal their grandeur. I feel:,-0.5418967510340696
Arousal_1P,P6,A thunderstorm displays nature's raw power. I feel:,-1.5530917746417334
Arousal_1P,P6,I witness a rare wildlife phenomenon. I feel:,-1.3526941687014857
Arousal_1P,P6,The mountain peak reveals a panoramic vista. I feel:,-0.8670212031645635
Arousal_1P,P6,I comprehend the scale of the universe. I feel:,0.7194943145313091
Arousal_1P,P6,A symphony reaches its crescendo. I feel:,-0.709812582679222
Arousal_1P,P6,The newborn opens their eyes for the first time. I feel:,-0.5684839905617713
Arousal_1P,P6,I stand inside a cathedral built centuries ago. I feel:,0.034956180516200495
Arousal_1P,P6,The Milky Way stretches across the dark sky. I feel:,-0.14698949888229382
Arousal_1P,P6,I watch a migration of millions of creatures. I feel:,-0.7049457440908289
Arousal_1P,P6,The complexity of life reveals itself under the microscope. I feel:,0.42134261080527247
Arousal_1P,P6,I enter a rainforest untouched by civilization. I feel:,-0.8105093755516987
Arousal_1P,P6,The first light of dawn breaks over the mountains. I feel:,-0.8833633232351488
Arousal_1P,P6,I realize how improbable my existence is. I feel:,1.1543673724513035
Arousal_1P,P7,The test results come back negative. I feel:,-0.31969848333759243
Arousal_1P,P7,My loved one is found safe after being lost. I feel:,-0.31032144532752054
Arousal_1P,P7,The surgery is successful. I feel:,-0.3577499199911003
Arousal_1P,P7,The charges against me are dropped. I feel:,-0.1381672329093332
Arousal_1P,P7,The deadline is extended at the last moment. I feel:,-0.9360567916068447
Arousal_1P,P7,My flight lands safely through the storm. I feel:,-1.2591280934423335
Arousal_1P,P7,The crisis passes without harm. I feel:,0.21644269045141143
Arousal_1P,P7,My debt is finally paid off. I feel:,-0.1356615637648762
Arousal_1P,P7,The conflict is resolved peacefully. I feel:,-0.5376866857532566
Arousal_1P,P7,My missing pet returns home. I feel:,-0.6195803291368632
Arousal_1P,P7,The burden I carried for years lifts. I feel:,0.8166569611370373
Arousal_1P,P7,My application is approved after many rejections. I feel:,0.5939585874338063
Arousal_1P,P7,The misunderstanding is finally cleared up. I feel:,0.18512273304758534
Arousal_1P,P7,I escape the danger just in time. I feel:,-1.1497108847170507
Arousal_1P,P7,My treatment is complete and successful. I feel:,0.14741476029172415
Arousal_1P,P7,The audit finds no issues. I feel:,-0.8479688068073264
Arousal_1P,P7,My secret fear turns out to be unfounded. I feel:,-0.4203031752851904
Arousal_1P,P7,The nightmare ends and I wake up safe. I feel:,-0.4840691095513294
Arousal_1P,P7,My family member recovers from illness. I feel:,-0.28842409775354355
Arousal_1P,P7,The long wait is finally over. I feel:,-0.5666321724854835
Arousal_1P,P8,My child graduates with honors. I feel:,0.16209881179730218
Arousal_1P,P8,I stand back and admire what I have built. I feel:,0.16279808353493427
Arousal_1P,P8,My student surpasses my expectations. I feel:,-0.47835524979302485
Arousal_1P,P8,I make a difference in someone's life. I feel:,0.28484002149962073
Arousal_1P,P8,My work is recognized by my peers. I feel:,0.544392670983251
Arousal_1P,P8,I keep a difficult promise. I feel:,0.4296985024832989
Arousal_1P,P8,My garden yields an abundant harvest. I feel:,-0.49371579972220586
Arousal_1P,P8,I help someone achieve their dream. I feel:,-0.2474148257901937
Arousal_1P,P8,My advice proves to be exactly right. I feel:,0.4700340723038613
Arousal_1P,P8,I overcome a personal limitation. I feel:,0.4093653591291162
Arousal_1P,P8,My creation brings joy to others. I feel:,0.22066452026502495
Arousal_1P,P8,I finish exactly what I set out to do. I feel:,0.8358037760573065
Arousal_1P,P8,My integrity is tested and I hold firm. I feel:,0.3939305943955882
Arousal_1P,P8,I teach a skill that will outlast me. I feel:,-0.0007977965508707467
Arousal_1P,P8,My organization achieves its mission. I feel:,0.14589232394212917
Arousal_1P,P8,I leave a place better than I found it. I feel:,-0.14149636896638176
Arousal_1P,P8,My reputation is earned through honest work. I feel:,0.3385311323294803
Arousal_1P,P8,I see the positive impact of my choices. I feel:,0.08635078904494767
Arousal_1P,P8,My legacy continues through those I mentored. I feel:,0.5629997281309679
Arousal_1P,P8,I did the right thing when it was hard. I feel:,0.5856198261247397
Arousal_1P,P9,The perfect meal melts in my mouth. I feel:,-0.44039615338572674
Arousal_1P,P9,The warm bath soothes my tired muscles. I feel:,-0.7075599895444289
Arousal_1P,P9,The massage releases all tension from my body. I feel:,-0.39073877839912874
Arousal_1P,P9,I stretch after a long sleep and my body awakens. I feel:,-0.02213014424979867
Arousal_1P,P9,The cool breeze touches my skin on a hot day. I feel:,-0.8045601999456665
Arousal_1P,P9,I sink into a perfectly comfortable bed. I feel:,-0.07054656255970437
Arousal_1P,P9,The first bite of chocolate dissolves on my tongue. I feel:,-0.5652632292801134
Arousal_1P,P9,"My thirst is quenched by cold, clear water. I feel:",-0.5332591403618095
Arousal_1P,P9,The sun warms my face after a long winter. I feel:,-0.751884516927626
Arousal_1P,P9,I float weightlessly in calm water. I feel:,-0.06459491816520448
Arousal_1P,P9,The endorphins rush through me after exercise. I feel:,-0.3048819737732036
Arousal_1P,P9,My hunger is satisfied by a delicious meal. I feel:,-0.6863680604875343
Arousal_1P,P9,The soft fabric wraps around me. I feel:,0.014983656620343462
Arousal_1P,P9,I breathe in the fresh mountain air. I feel:,-0.7759350007295522
Arousal_1P,P9,The rhythm of dancing energizes my body. I feel:,-0.5548604852368465
Arousal_1P,P9,I take off my shoes after a long day. I feel:,-0.5989589169414915
Arousal_1P,P9,The perfect coffee hits my palate. I feel:,-0.5640857935230277
Arousal_1P,P9,My body relaxes completely after tension releases. I feel:,-0.1320383899629742
Arousal_1P,P9,The warmth of the fireplace envelops me. I feel:,-0.17155104708876434
Arousal_1P,P9,I feel the pleasant fatigue after a good workout. I feel:,-0.6293640370677
Arousal_1P,P10,I plunge down the roller coaster's first drop. I feel:,-1.1286580643327984
Arousal_1P,P10,The parachute opens and I float above the world. I feel:,-0.2810898562419437
Arousal_1P,P10,I ride the wave perfectly to shore. I feel:,-0.39786308471995274
Arousal_1P,P10,The bungee cord snaps me back up. I feel:,-0.4751906156614297
Arousal_1P,P10,I accelerate to top speed on the open road. I feel:,-0.764870193117703
Arousal_1P,P10,I zip line across the canyon. I feel:,-1.0841328093321414
Arousal_1P,P10,The crowd's energy pulses through me at the concert. I feel:,-0.6663612506620383
Arousal_1P,P10,I ski down the untouched powder slope. I feel:,-0.4018140657661064
Arousal_1P,P10,The motorcycle leans into the perfect curve. I feel:,-0.5325120043579659
Arousal_1P,P10,I leap from the cliff into crystal water. I feel:,-0.18688915119626404
Arousal_1P,P10,The wind rushes past as I freefall. I feel:,-0.35833671070313516
Arousal_1P,P10,I complete the difficult climb and reach the top. I feel:,-0.8340690742829228
Arousal_1P,P10,The rapids carry my kayak through the canyon. I feel:,-0.8763015805486071
Arousal_1P,P10,I nail the trick I have practiced for months. I feel:,0.1096050633743038
Arousal_1P,P10,The jet takes off and pushes me into my seat. I feel:,-0.8479928397073085
Arousal_1P,P10,I catch massive air on the jump. I feel:,-0.5580150930642562
Arousal_1P,P10,The swing reaches its highest point. I feel:,-0.6846920050351193
Arousal_1P,P10,I race through the finish line at full speed. I feel:,-0.6831717351733634
Arousal_1P,P10,The thundering hooves carry me across the field. I feel:,-0.42969736885594123
Arousal_1P,P10,I dive into the adventure headfirst. I feel:,-0.8056306968553479
Random_1P,N1,The capital of France is Paris. I feel:,-1.094244563828561
Random_1P,N1,Water freezes at zero degrees Celsius. I feel:,-1.0192931536162813
Random_1P,N1,The Earth orbits around the Sun. I feel:,-0.29140772938370174
Random_1P,N1,Elephants are the largest land mammals. I feel:,-0.6624000291820874
Random_1P,N1,The Pacific Ocean is the largest ocean. I feel:,-1.0916593896187545
Random_1P,N1,A triangle has three sides. I feel:,0.236307771665483
Random_1P,N1,Birds have feathers and wings. I feel:,-0.6213151316781231
Random_1P,N1,"The speed of light is approximately 300,000 kilometers per second. I feel:",-0.27822432339073283
Random_1P,N1,There are seven continents on Earth. I feel:,-0.7646593384291814
Random_1P,N1,Humans have 206 bones in their adult bodies. I feel:,-0.17718829882941134
Random_1P,N1,The chemical formula for water is H2O. I feel:,0.12185038013296391
Random_1P,N1,Mount Everest is the tallest mountain on Earth. I feel:,-1.1422079846463526
Random_1P,N1,The Moon revolves around the Earth. I feel:,-0.252432310858558
Random_1P,N1,Gold is a chemical element with symbol Au. I feel:,0.06787956564639533
Random_1P,N1,A year has twelve months. I feel:,-0.5606391632882892
Random_1P,N1,Spiders have eight legs. I feel:,-0.8323103396085569
Random_1P,N1,The Nile is one of the longest rivers in the world. I feel:,-1.1279877630720838
Random_1P,N1,Oxygen is essential for human respiration. I feel:,-0.9749338616607832
Random_1P,N1,The Great Wall of China is visible from certain points. I feel:,-0.4312728211782953
Random_1P,N1,Dolphins are mammals that live in water. I feel:,-0.7084374675026824
Random_1P,N2,The wooden table has four legs and a smooth surface. I feel:,-1.3786594750690657
Random_1P,N2,The red brick building stands on the corner. I feel:,-0.970459510055325
Random_1P,N2,The tree in my garden has green leaves. I feel:,-1.2096679822118248
Random_1P,N2,The ceramic mug is white with a blue handle. I feel:,-1.075344577371629
Random_1P,N2,The road stretches straight ahead for miles. I feel:,-0.08588108944309775
Random_1P,N2,The bookshelf contains rows of hardcover volumes. I feel:,-0.8538106153067303
Random_1P,N2,The metal fence surrounds the park. I feel:,-1.07244072791573
Random_1P,N2,The clock on the wall shows the current time. I feel:,-1.3036908337209498
Random_1P,N2,The river flows quietly through the valley. I feel:,-1.2582605914048273
Random_1P,N2,The office chair has adjustable armrests. I feel:,-1.094653375045446
Random_1P,N2,The curtains are made of cotton fabric. I feel:,-1.1410251830531073
Random_1P,N2,The bridge spans across the wide river. I feel:,-1.5009641626635346
Random_1P,N2,The laptop sits on my desk beside the lamp. I feel:,-0.8933710359318559
Random_1P,N2,The path leads through the forest. I feel:,-0.979267341173265
Random_1P,N2,The stone wall marks the property boundary. I feel:,-0.5944688960867788
Random_1P,N2,The glass window overlooks the street. I feel:,-0.9746410331184446
Random_1P,N2,The carpet covers the floor of the room. I feel:,-1.3989036412715328
Random_1P,N2,The mountain range extends along the horizon. I feel:,-0.4757613340567052
Random_1P,N2,The parking lot has spaces for fifty cars. I feel:,-1.1795552119852928
Random_1P,N2,The staircase leads to the second floor. I feel:,-1.564758160504705
Random_1P,N3,I brush my teeth in the morning. I feel:,-0.909109159346289
Random_1P,N3,I check my email before starting work. I feel:,-0.8084938868766863
Random_1P,N3,I prepare breakfast in the kitchen. I feel:,-1.1907669377026926
Random_1P,N3,I lock the door when leaving the house. I feel:,-0.9753204033980203
Random_1P,N3,I water the plants every other day. I feel:,-0.7591955064825346
Random_1P,N3,I take the bus to work. I feel:,-1.5837299433609542
Random_1P,N3,I organize my desk before starting tasks. I feel:,-0.7984056110624295
Random_1P,N3,I read a book before going to sleep. I feel:,-1.0242911906775323
Random_1P,N3,I set an alarm for the next morning. I feel:,-1.2805492167592245
Random_1P,N3,I fold laundry on weekends. I feel:,-0.32697354950112334
Random_1P,N3,I walk to the grocery store. I feel:,-1.2610629182329198
Random_1P,N3,I fill out forms at the office. I feel:,-0.5039176901894176
Random_1P,N3,I charge my phone overnight. I feel:,-0.9438289407708425
Random_1P,N3,I sort the mail when it arrives. I feel:,-1.0689088489036966
Random_1P,N3,I adjust the thermostat in my apartment. I feel:,-0.9193201188323618
Random_1P,N3,I pack my bag for tomorrow. I feel:,-1.490745192210801
Random_1P,N3,I update my calendar with appointments. I feel:,-0.5936508453937849
Random_1P,N3,I refill the water bottle at my desk. I feel:,-0.8226355102874919
Random_1P,N3,I turn off the lights before leaving. I feel:,-0.7957325177531083
Random_1P,N3,I wipe the kitchen counter after cooking. I feel:,-1.0145607884242238
Random_1P,N4,The function returns an integer value. I feel:,0.5842098456090229
Random_1P,N4,The database query retrieves matching records. I feel:,0.32740384925436544
Random_1P,N4,The HTTP protocol uses port 80 by default. I feel:,0.10035713292440791
Random_1P,N4,The loop iterates through the array elements. I feel:,0.5021135600373079
Random_1P,N4,The variable stores a string value. I feel:,0.440186268578389
Random_1P,N4,The server processes incoming requests. I feel:,-0.3056764702088776
Random_1P,N4,The algorithm sorts the list in ascending order. I feel:,0.7170893114962108
Random_1P,N4,The API endpoint accepts JSON payloads. I feel:,0.5505839390094375
Random_1P,N4,The conditional statement checks for equality. I feel:,0.7092993265951195
Random_1P,N4,The file is saved in UTF-8 encoding. I feel:,-0.2231458542088712
Random_1P,N4,The class inherits from the base class. I feel:,0.693472276412409
Random_1P,N4,The network packet contains header information. I feel:,-0.40402417306670685
Random_1P,N4,The compiler generates machine code. I feel:,0.5238289226328047
Random_1P,N4,The memory address points to the data structure. I feel:,0.43259056221467856
Random_1P,N4,The configuration file specifies default settings. I feel:,-0.1348016192430876
Random_1P,N4,The encryption key secures the connection. I feel:,0.19643467142340065
Random_1P,N4,The backup runs automatically at midnight. I feel:,-0.5896015032805664
Random_1P,N4,The cache stores frequently accessed data. I feel:,0.27582884282543874
Random_1P,N4,The syntax follows standard conventions. I feel:,0.6399795755618559
Random_1P,N4,The module exports its public functions. I feel:,0.6241440609615417
Random_1P,N5,I need to find the nearest library. I feel:,-1.1637553688591658
Random_1P,N5,I want to learn how to make pasta. I feel:,-0.45449260804426006
Random_1P,N5,I am looking for a recipe for soup. I feel:,-0.909618787822847
Random_1P,N5,I need directions to the train station. I feel:,-1.3695511571261931
Random_1P,N5,I want to know the weather forecast. I feel:,-1.5547162374535162
Random_1P,N5,I need help with a math problem. I feel:,0.8218959317993659
Random_1P,N5,I want to translate a sentence to Spanish. I feel:,-0.20003456807689238
Random_1P,N5,I am looking for the definition of a word. I feel:,0.0023148670643061958
Random_1P,N5,I need to convert kilometers to miles. I feel:,0.23064129753072785
Random_1P,N5,I want to find opening hours of a store. I feel:,-0.6387021034883881
Random_1P,N5,I need to schedule a meeting. I feel:,-0.5524826892583317
Random_1P,N5,I want to check train departure times. I feel:,-1.0230076222080522
Random_1P,N5,I need information about visa requirements. I feel:,-0.9513978431454743
Random_1P,N5,I want to find a good restaurant nearby. I feel:,-1.727254119752968
Random_1P,N5,I am looking for parking options. I feel:,-1.2511678125204053
Random_1P,N5,I need to renew my subscription. I feel:,-0.5760881865348044
Random_1P,N5,I want to compare product prices. I feel:,-0.8176257338851596
Random_1P,N5,I need to print a document. I feel:,-1.1064284883678748
Random_1P,N5,I want to check my account balance. I feel:,-1.037121030893512
Random_1P,N5,I am looking for the contact information. I feel:,-0.37935524515774854
Random_1P,N6,The sky is clear and blue today. I feel:,-1.1532806520745482
Random_1P,N6,It is currently twenty degrees outside. I feel:,-1.0771647798404982
Random_1P,N6,The leaves are changing color this season. I feel:,-1.1713463391796932
Random_1P,N6,The sun sets at seven in the evening. I feel:,-0.5448641088137159
Random_1P,N6,There are clouds forming on the horizon. I feel:,-1.4168997992320758
Random_1P,N6,The wind is coming from the north. I feel:,-1.2994343401019115
Random_1P,N6,The grass in the field is green. I feel:,-1.4918874855197999
Random_1P,N6,The tide is low at the beach today. I feel:,-0.9729294069587187
Random_1P,N6,The moon is visible in the night sky. I feel:,-1.0553540413966451
Random_1P,N6,The air is fresh after the rain. I feel:,-0.8556869449256622
Random_1P,N6,Birds are flying south for the winter. I feel:,-1.3166637629011833
Random_1P,N6,The temperature dropped overnight. I feel:,-1.3103836688735957
Random_1P,N6,Snow is covering the mountain peaks. I feel:,-1.364872954130112
Random_1P,N6,The river level has risen this week. I feel:,-1.7972324830893027
Random_1P,N6,Flowers are blooming in the garden. I feel:,-1.1704575753313013
Random_1P,N6,The days are getting longer. I feel:,-0.5522264642837853
Random_1P,N6,Fog is settling over the valley. I feel:,-0.8473566480341995
Random_1P,N6,The stars are visible tonight. I feel:,-0.5198092815563565
Random_1P,N6,Rain is expected later this afternoon. I feel:,-1.3118540591316152
Random_1P,N6,The ocean waves are calm today. I feel:,-1.2661582960966136
Random_1P,N7,I pick up the pen from the desk. I feel:,-0.7215153453845143
Random_1P,N7,I open the drawer to find the keys. I feel:,-0.8703659580874286
Random_1P,N7,I place the book on the shelf. I feel:,-0.7063067519046955
Random_1P,N7,I turn the page of the magazine. I feel:,-0.8308481618509505
Random_1P,N7,I press the button on the remote. I feel:,-0.9620986808003631
Random_1P,N7,I hang the coat on the hook. I feel:,-1.0436978329881732
Random_1P,N7,I slide the window open. I feel:,-0.6263131183559361
Random_1P,N7,I plug in the charging cable. I feel:,-0.9961662486184861
Random_1P,N7,I stir the coffee with a spoon. I feel:,-0.8148411420272844
Random_1P,N7,I close the laptop lid. I feel:,-0.36988451914449727
Random_1P,N7,I unfold the map on the table. I feel:,-0.321610711156183
Random_1P,N7,I stack the papers in a pile. I feel:,-0.48322309605018027
Random_1P,N7,I turn the dial on the radio. I feel:,-0.7773065386819854
Random_1P,N7,I zip up my jacket. I feel:,-1.0272811958126122
Random_1P,N7,I roll the cart down the aisle. I feel:,-0.9575861385488119
Random_1P,N7,I flip the switch on the wall. I feel:,-0.9313810573992312
Random_1P,N7,I insert the key into the lock. I feel:,-0.3799566092792589
Random_1P,N7,I wrap the gift in paper. I feel:,-0.8730424270871037
Random_1P,N7,I adjust the mirror angle. I feel:,-0.6091436770397433
Random_1P,N7,I pour water into the glass. I feel:,-1.4563210104176827
Random_1P,N8,I greet my colleague in the morning. I feel:,-1.0348304486463784
Random_1P,N8,I confirm the appointment time by email. I feel:,-0.9647478419765786
Random_1P,N8,I introduce myself to a new team member. I feel:,-0.6643457871787452
Random_1P,N8,I schedule a call for next week. I feel:,-0.7040542595367787
Random_1P,N8,I pass by my neighbor on the stairs. I feel:,-0.894757588148848
Random_1P,N8,I ask for the time politely. I feel:,-0.6405107933416473
Random_1P,N8,I hold the door for the person behind me. I feel:,-0.5429438448367455
Random_1P,N8,I wave to an acquaintance across the street. I feel:,-0.7581135725324005
Random_1P,N8,I join a conference call at the scheduled time. I feel:,-0.5238020682602881
Random_1P,N8,I exchange business cards at a meeting. I feel:,-0.213457219825762
Random_1P,N8,I order a coffee from the barista. I feel:,-1.0396085620002466
Random_1P,N8,I thank the cashier after paying. I feel:,-0.830750619514755
Random_1P,N8,I nod in acknowledgment during a presentation. I feel:,0.00892199998871411
Random_1P,N8,I send a reminder about the meeting. I feel:,-0.3839217228798045
Random_1P,N8,I give directions to a tourist. I feel:,-1.583674521579025
Random_1P,N8,I reply to a routine work message. I feel:,-0.034234274018994156
Random_1P,N8,I wait in line at the post office. I feel:,-0.8547931427334587
Random_1P,N8,I attend a regular team standup. I feel:,0.7447144498491318
Random_1P,N8,I sign for a package delivery. I feel:,-1.1287818060568149
Random_1P,N8,I say goodbye at the end of the workday. I feel:,-0.14526860216995421
Random_1P,N9,The concept of time is relative. I feel:,0.9347361913103482
Random_1P,N9,Mathematics describes patterns in nature. I feel:,0.72132303180122
Random_1P,N9,Language evolves over generations. I feel:,0.7171168208534229
Random_1P,N9,Systems can be analyzed as networks. I feel:,0.7657328079617118
Random_1P,N9,Categories help organize information. I feel:,0.27068287998987495
Random_1P,N9,Probability measures likelihood of events. I feel:,0.9099115659817475
Random_1P,N9,Definitions establish shared meaning. I feel:,0.7795229565082101
Random_1P,N9,Patterns repeat at different scales. I feel:,0.28745557692261187
Random_1P,N9,Sequences follow logical progressions. I feel:,-0.08730535366352087
Random_1P,N9,Relationships can be represented as graphs. I feel:,1.3066014345575567
Random_1P,N9,Hierarchies organize elements by level. I feel:,0.5721572706928811
Random_1P,N9,Symmetry appears in many natural forms. I feel:,0.2826818469278598
Random_1P,N9,Causality links events in time. I feel:,0.33762805958466313
Random_1P,N9,Abstraction simplifies complex systems. I feel:,1.1712778680872915
Random_1P,N9,Equivalence defines when things are the same. I feel:,1.5499290550807867
Random_1P,N9,Functions map inputs to outputs. I feel:,0.7674365743050915
Random_1P,N9,Structure emerges from simple rules. I feel:,0.6476226423573967
Random_1P,N9,Information can be measured in bits. I feel:,0.7782477516894575
Random_1P,N9,Boundaries separate distinct regions. I feel:,0.9883378211541113
Random_1P,N9,Models approximate real phenomena. I feel:,0.9935281214152184
Random_1P,N10,The room is painted in beige. I feel:,-0.946288962520365
Random_1P,N10,The clock ticks steadily on the wall. I feel:,-0.5987989999089067
Random_1P,N10,The paper has a smooth texture. I feel:,-1.003316414238924
Random_1P,N10,The air conditioner hums quietly. I feel:,-0.7964549154888363
Random_1P,N10,The fabric is soft to touch. I feel:,-0.8802467549035178
Random_1P,N10,The lighting in the office is fluorescent. I feel:,-0.9277826218654448
Random_1P,N10,The door makes a clicking sound when closed. I feel:,-1.2134785824035237
Random_1P,N10,The monitor displays a blue interface. I feel:,-1.2033758969259654
Random_1P,N10,The floor tiles are gray and rectangular. I feel:,-1.3553396015032806
Random_1P,N10,The keyboard has standard QWERTY layout. I feel:,-0.23157863101346488
Random_1P,N10,The pen writes in black ink. I feel:,-0.8563240435006574
Random_1P,N10,The glass is transparent and cylindrical. I feel:,-0.5362613886723521
Random_1P,N10,The ventilation system circulates air. I feel:,-1.2919777927942817
Random_1P,N10,The notebook has lined pages. I feel:,-0.42723162858619235
Random_1P,N10,The elevator chimes at each floor. I feel:,-1.3137412211897423
Random_1P,N10,The chair has an adjustable height. I feel:,-1.0264113257535146
Random_1P,N10,The printer produces a low whirring noise. I feel:,-1.1039314851747741
Random_1P,N10,The whiteboard has faint marker traces. I feel:,-0.8630636848673142
Random_1P,N10,The table surface is matte finish. I feel:,-0.7296199244732109
Random_1P,N10,The ceiling lights are evenly spaced. I feel:,-0.7323747901025968
