category,set,prompt,z_s2,story_person,suffix_person,group
A1,1,The knife slices into my finger. I feel:,0.041980624198913574,1P,I,pain
A1,2,My tooth throbs with each heartbeat. I feel:,0.11813756078481674,1P,I,pain
A1,3,A migraine pounds behind my eyes. I feel:,0.19998562335968018,1P,I,pain
A1,4,I twist my ankle on the stairs. I feel:,0.020060885697603226,1P,I,pain
A1,5,The hot oil splatters onto my arm. I feel:,-0.5139939785003662,1P,I,pain
A1,6,My back seizes up when I bend over. I feel:,0.6144962310791016,1P,I,pain
A1,7,A bee stings me on the neck. I feel:,-0.6615772247314453,1P,I,pain
A1,8,I bite down hard on my tongue. I feel:,-0.16205494105815887,1P,I,pain
A1,9,The sunburn on my shoulders is peeling. I feel:,-0.19908256828784943,1P,I,pain
A1,10,My knee buckles under my weight. I feel:,0.6574698090553284,1P,I,pain
A1,11,A cramp shoots through my calf. I feel:,-0.19212187826633453,1P,I,pain
A1,12,I stub my toe against the door frame. I feel:,-0.30714520812034607,1P,I,pain
A1,13,The needle pierces my skin. I feel:,-0.2697833180427551,1P,I,pain
A1,14,My throat is raw from coughing. I feel:,0.45005354285240173,1P,I,pain
A1,15,A splinter lodges deep in my palm. I feel:,-0.2539479434490204,1P,I,pain
A1,16,I pull a muscle lifting the box. I feel:,-0.4145165681838989,1P,I,pain
A1,17,The cold makes my joints ache. I feel:,-0.37864816188812256,1P,I,pain
A1,18,My eyes burn from the chlorine. I feel:,-0.057017792016267776,1P,I,pain
A1,19,A blister forms on my heel. I feel:,0.12605154514312744,1P,I,pain
A1,20,I cut myself shaving this morning. I feel:,0.11068147420883179,1P,I,pain
A2,1,A heaviness weighs on me constantly. I feel:,1.4087915420532227,1P,I,pain
A2,2,My racing thoughts spiral out of control. I feel:,1.1649293899536133,1P,I,pain
A2,3,A wave of loss hits me unexpectedly. I feel:,0.17957036197185516,1P,I,pain
A2,4,I cannot escape these intrusive thoughts. I feel:,1.541769027709961,1P,I,pain
A2,5,The silence becomes unbearable at night. I feel:,0.8139593005180359,1P,I,pain
A2,6,My mind replays the event endlessly. I feel:,0.7194799780845642,1P,I,pain
A2,7,My chest tightens and I cannot breathe in the crowd. I feel:,0.05935293436050415,1P,I,pain
A2,8,I wake up unable to face another day. I feel:,1.6116173267364502,1P,I,pain
A2,9,The emptiness inside me grows larger. I feel:,0.9510454535484314,1P,I,pain
A2,10,My thoughts turn against me relentlessly. I feel:,1.9719266891479492,1P,I,pain
A2,11,A weight follows me everywhere I go. I feel:,-0.3419579565525055,1P,I,pain
A2,12,I cannot stop crying for no reason. I feel:,1.6466320753097534,1P,I,pain
A2,13,The memories haunt my dreams. I feel:,0.29106706380844116,1P,I,pain
A2,14,My confidence has completely shattered. I feel:,1.1159335374832153,1P,I,pain
A2,15,A fog of confusion clouds my thinking. I feel:,1.2835222482681274,1P,I,pain
A2,16,I lose interest in things I once loved. I feel:,1.2506256103515625,1P,I,pain
A2,17,The weight of existence crushes me. I feel:,1.9085931777954102,1P,I,pain
A2,18,I cannot access my own feelings anymore. I feel:,1.9816231727600098,1P,I,pain
A2,19,A fog settles over my mind. I feel:,0.6964966654777527,1P,I,pain
A2,20,I question whether life is worth living. I feel:,2.6993484497070312,1P,I,pain
A3,1,My best friend stops returning my calls. I feel:,0.6762687563896179,1P,I,pain
A3,2,The group chat goes silent when I speak. I feel:,0.8083729147911072,1P,I,pain
A3,3,I overhear them mocking me behind my back. I feel:,0.19359862804412842,1P,I,pain
A3,4,My partner says they need space from me. I feel:,1.5779856443405151,1P,I,pain
A3,5,The invitation list excludes only me. I feel:,0.4627145528793335,1P,I,pain
A3,6,I sit alone at the lunch table again. I feel:,0.789734959602356,1P,I,pain
A3,7,My family disowns me for my choices. I feel:,1.6452077627182007,1P,I,pain
A3,8,The rejection letter arrives in my inbox. I feel:,0.25820085406303406,1P,I,pain
A3,9,I discover my friends met without telling me. I feel:,0.72722327709198,1P,I,pain
A3,10,My colleagues ignore my contributions. I feel:,1.1890760660171509,1P,I,pain
A3,11,The online comments attack me personally. I feel:,0.6952810287475586,1P,I,pain
A3,12,I am ghosted after the third date. I feel:,2.0539300441741943,1P,I,pain
A3,13,My mentor says I am not ready. I feel:,1.2300677299499512,1P,I,pain
A3,14,The team picks everyone except me. I feel:,0.36817264556884766,1P,I,pain
A3,15,I watch my friends leave without me. I feel:,0.4323040544986725,1P,I,pain
A3,16,My application is denied once again. I feel:,0.863479733467102,1P,I,pain
A3,17,The community I trusted turns against me. I feel:,0.8151130676269531,1P,I,pain
A3,18,I am unfollowed by people I care about. I feel:,1.0877221822738647,1P,I,pain
A3,19,My voice is dismissed in every meeting. I feel:,0.9866857528686523,1P,I,pain
A3,20,The breakup text arrives while I am at work. I feel:,-0.26911237835884094,1P,I,pain
A4,1,I lied to protect myself and harmed them. I feel:,0.8632868528366089,1P,I,pain
A4,2,My silence allowed the injustice to continue. I feel:,0.6797083020210266,1P,I,pain
A4,3,I chose my career over my dying father. I feel:,1.3098101615905762,1P,I,pain
A4,4,The secret I keep destroys my integrity. I feel:,1.1527613401412964,1P,I,pain
A4,5,I betrayed someone who trusted me completely. I feel:,1.4494415521621704,1P,I,pain
A4,6,My actions caused irreversible harm to others. I feel:,0.6969193816184998,1P,I,pain
A4,7,I failed to speak up when it mattered. I feel:,0.9837453961372375,1P,I,pain
A4,8,The compromise I made violated my values. I feel:,0.7836025357246399,1P,I,pain
A4,9,I abandoned my principles for convenience. I feel:,1.3087536096572876,1P,I,pain
A4,10,My cowardice let an innocent person suffer. I feel:,0.9218606948852539,1P,I,pain
A4,11,I took credit for someone else's work. I feel:,0.7237340211868286,1P,I,pain
A4,12,The promise I broke cannot be undone. I feel:,0.6636276245117188,1P,I,pain
A4,13,I watched them struggle and did nothing. I feel:,0.5674312114715576,1P,I,pain
A4,14,My greed caused my family to lose everything. I feel:,0.7427144050598145,1P,I,pain
A4,15,I manipulated someone who loved me. I feel:,1.8734558820724487,1P,I,pain
A4,16,The truth I hid eventually destroyed them. I feel:,0.7656972408294678,1P,I,pain
A4,17,I participated in something I knew was wrong. I feel:,0.9910520315170288,1P,I,pain
A4,18,My negligence led to a preventable tragedy. I feel:,0.794082522392273,1P,I,pain
A4,19,I chose the easy path over the right one. I feel:,1.0755219459533691,1P,I,pain
A4,20,The person I became disgusts me. I feel:,1.2228786945343018,1P,I,pain
A5,1,The problem defeats me no matter how I try. I feel:,1.6748319864273071,1P,I,pain
A5,2,My understanding of the situation was completely wrong. I feel:,1.557604193687439,1P,I,pain
A5,3,I cannot reconcile these contradictory facts. I feel:,1.0421850681304932,1P,I,pain
A5,4,The complexity of the decision overwhelms me. I feel:,0.44089287519454956,1P,I,pain
A5,5,My certainties crumble under new evidence. I feel:,0.6242260932922363,1P,I,pain
A5,6,I realize my worldview was fundamentally flawed. I feel:,1.3480017185211182,1P,I,pain
A5,7,The paradox I encounter has no resolution. I feel:,1.2783559560775757,1P,I,pain
A5,8,My expertise proves utterly inadequate here. I feel:,1.1715449094772339,1P,I,pain
A5,9,I fail to grasp what everyone else understands. I feel:,1.7130824327468872,1P,I,pain
A5,10,The answer I was certain of turns out wrong. I feel:,1.2340151071548462,1P,I,pain
A5,11,My mental model of reality shatters. I feel:,0.6413595080375671,1P,I,pain
A5,12,I cannot make sense of the contradictions. I feel:,1.3713812828063965,1P,I,pain
A5,13,The cognitive dissonance is unbearable. I feel:,1.3434983491897583,1P,I,pain
A5,14,My assumptions about the world were naive. I feel:,0.8885191679000854,1P,I,pain
A5,15,I struggle to process the implications. I feel:,0.9598154425621033,1P,I,pain
A5,16,The framework I trusted completely fails me. I feel:,1.64409339427948,1P,I,pain
A5,17,My reasoning leads to impossible conclusions. I feel:,1.419942855834961,1P,I,pain
A5,18,I discover my beliefs were built on lies. I feel:,0.715579628944397,1P,I,pain
A5,19,The intellectual challenge humiliates me. I feel:,0.993902325630188,1P,I,pain
A5,20,My mind cannot hold all the pieces together. I feel:,1.5293316841125488,1P,I,pain
B,1,The footsteps behind me get closer. I feel:,-0.7912883162498474,1P,I,control
B,2,My doctor says the results are concerning. I feel:,-0.11202766746282578,1P,I,control
B,3,A shadow moves in my peripheral vision. I feel:,-0.8500444889068604,1P,I,control
B,4,I hear glass breaking downstairs at night. I feel:,-1.4442445039749146,1P,I,control
B,5,The turbulence shakes the plane violently. I feel:,-0.8666902780532837,1P,I,control
B,6,My brakes fail on the steep hill. I feel:,-1.3964250087738037,1P,I,control
B,7,A growling comes from the darkness ahead. I feel:,-0.7814338207244873,1P,I,control
B,8,I notice a suspicious package near my car. I feel:,-1.7491098642349243,1P,I,control
B,9,The elevator stops between floors suddenly. I feel:,-1.7710483074188232,1P,I,control
B,10,My phone shows an unknown caller at 3am. I feel:,-0.8716181516647339,1P,I,control
B,11,A figure watches me from across the street. I feel:,-0.8136292099952698,1P,I,control
B,12,I smell gas but cannot find the source. I feel:,-1.1639078855514526,1P,I,control
B,13,The ice beneath my feet starts cracking. I feel:,-0.6603870391845703,1P,I,control
B,14,My test results will arrive tomorrow. I feel:,-0.19839583337306976,1P,I,control
B,15,A scream echoes through the empty building. I feel:,-0.7374505996704102,1P,I,control
B,16,I realize I left my door unlocked all day. I feel:,-0.18323640525341034,1P,I,control
B,17,The warning sirens begin to sound outside. I feel:,-1.1431211233139038,1P,I,control
B,18,My chest tightens for no apparent reason. I feel:,-0.027269987389445305,1P,I,control
B,19,A car follows me through three turns. I feel:,-1.8486984968185425,1P,I,control
B,20,I wake to my smoke detector beeping. I feel:,-1.3412340879440308,1P,I,control
C1,1,The mess my roommate left infuriates me. I feel:,-0.04769037291407585,1P,I,control
C1,2,My food arrives cold and wrong again. I feel:,-0.2507561147212982,1P,I,control
C1,3,I step in something foul on the sidewalk. I feel:,-1.027450680732727,1P,I,control
C1,4,The customer service puts me on hold forever. I feel:,-0.4595751464366913,1P,I,control
C1,5,My computer crashes before I can save. I feel:,-0.13849429786205292,1P,I,control
C1,6,I miss the train by seconds. I feel:,-0.804421603679657,1P,I,control
C1,7,The loud chewing next to me is unbearable. I feel:,-0.38450688123703003,1P,I,control
C1,8,My flight gets delayed for the third time. I feel:,-0.9714630246162415,1P,I,control
C1,9,I find mold growing in my refrigerator. I feel:,-0.99510657787323,1P,I,control
C1,10,The traffic makes me late for my interview. I feel:,-0.7225115895271301,1P,I,control
C1,11,My neighbor's music pounds through the wall. I feel:,-0.7464593648910522,1P,I,control
C1,12,I spill coffee on my white shirt. I feel:,-1.1812491416931152,1P,I,control
C1,13,The automated menu loops endlessly. I feel:,0.39576035737991333,1P,I,control
C1,14,My package is marked delivered but missing. I feel:,-0.552207887172699,1P,I,control
C1,15,I realize I forgot my wallet after ordering. I feel:,-0.38957467675209045,1P,I,control
C1,16,The mosquito buzzes around my ear all night. I feel:,-0.7019365429878235,1P,I,control
C1,17,My phone battery dies at the worst moment. I feel:,-0.42446503043174744,1P,I,control
C1,18,I slip and drop my groceries everywhere. I feel:,0.12628409266471863,1P,I,control
C1,19,The printer jams on my deadline day. I feel:,-0.2220832258462906,1P,I,control
C1,20,My socks get soaked stepping in a puddle. I feel:,-1.1354807615280151,1P,I,control
C2,1,I read about the extinction of another species. I feel:,-0.8147571682929993,1P,I,control
C2,2,The war footage shows children in the rubble. I feel:,-1.3394156694412231,1P,I,control
C2,3,I learn the glacier has retreated further. I feel:,-1.3646063804626465,1P,I,control
C2,4,The famine spreads to another region. I feel:,-1.4107096195220947,1P,I,control
C2,5,I see the homeless encampment growing larger. I feel:,-1.0558949708938599,1P,I,control
C2,6,The corruption scandal reaches the highest levels. I feel:,-0.8136472105979919,1P,I,control
C2,7,I witness the forest fire from my window. I feel:,-1.7758055925369263,1P,I,control
C2,8,The inequality statistics shock me again. I feel:,0.48587295413017273,1P,I,control
C2,9,I watch the storm devastate the coastal town. I feel:,-1.3140537738800049,1P,I,control
C2,10,The refugee crisis worsens each month. I feel:,-0.8354246020317078,1P,I,control
C2,11,I discover the extent of the pollution. I feel:,-1.2851320505142212,1P,I,control
C2,12,The political violence escalates further. I feel:,-0.9926309585571289,1P,I,control
C2,13,I see another mass shooting in the news. I feel:,-0.23105968534946442,1P,I,control
C2,14,The pandemic claims more lives daily. I feel:,-1.0225070714950562,1P,I,control
C2,15,I learn the ice caps are melting faster. I feel:,-1.6700270175933838,1P,I,control
C2,16,The poverty in my city is visible everywhere. I feel:,-0.7452175617218018,1P,I,control
C2,17,I read about the torture happening abroad. I feel:,-0.525478720664978,1P,I,control
C2,18,The economic collapse affects millions. I feel:,-1.1049977540969849,1P,I,control
C2,19,The economy continues to decline. I feel:,-0.8108532428741455,1P,I,control
D,1,I arrange the books on my shelf alphabetically. I feel:,-0.8691465258598328,1P,I,control
D,2,My coffee maker finishes brewing. I feel:,-1.3855012655258179,1P,I,control
D,3,I sort through the mail on my desk. I feel:,-0.6882473826408386,1P,I,control
D,4,The meeting ends exactly on time. I feel:,-0.8596358895301819,1P,I,control
D,5,I update the spreadsheet with new numbers. I feel:,-0.39735147356987,1P,I,control
D,6,My laundry finishes its cycle. I feel:,-1.1187652349472046,1P,I,control
D,7,I walk the same route to work. I feel:,-1.0254662036895752,1P,I,control
D,8,The clock on my wall ticks steadily. I feel:,-0.6399157643318176,1P,I,control
D,9,I water the plants on my windowsill. I feel:,-1.266599178314209,1P,I,control
D,10,My calendar shows three appointments today. I feel:,-0.32260170578956604,1P,I,control
D,11,I file the documents in the correct folder. I feel:,-0.5141294002532959,1P,I,control
D,12,The printer outputs my report successfully. I feel:,-0.913036584854126,1P,I,control
D,13,I check my email before lunch. I feel:,-1.1045876741409302,1P,I,control
D,14,My phone shows the weather forecast. I feel:,-1.8881282806396484,1P,I,control
D,15,I pack my lunch for tomorrow. I feel:,-1.0789490938186646,1P,I,control
D,16,The bus arrives at the scheduled time. I feel:,-1.3946988582611084,1P,I,control
D,17,I organize my desk drawer. I feel:,-0.8418493270874023,1P,I,control
D,18,My computer completes the update. I feel:,-0.9091802835464478,1P,I,control
D,19,I write down the grocery list. I feel:,-1.1556768417358398,1P,I,control
D,20,The sun sets behind my building. I feel:,-0.6934948563575745,1P,I,control
E,1,A yawn overtakes me in the afternoon. I feel:,-0.5578349232673645,1P,I,control
E,2,My stomach growls before dinner. I feel:,-0.8571999669075012,1P,I,control
E,3,I stretch after sitting for too long. I feel:,-0.5644291639328003,1P,I,control
E,4,The warm shower relaxes my muscles. I feel:,-0.9782028198242188,1P,I,control
E,5,A shiver runs through me in the cold. I feel:,-0.11767078191041946,1P,I,control
E,6,My heart races after climbing the stairs. I feel:,-1.1666088104248047,1P,I,control
E,7,I notice my breathing slow as I relax. I feel:,-0.5902772545814514,1P,I,control
E,8,The massage loosens my tight shoulders. I feel:,-0.7896530032157898,1P,I,control
E,9,A sneeze catches me off guard. I feel:,-1.190064549446106,1P,I,control
E,10,My skin tingles from the cool breeze. I feel:,-0.7154762148857117,1P,I,control
E,11,I feel the heaviness of sleep approaching. I feel:,-0.10435783118009567,1P,I,control
E,12,The food settles warmly in my stomach. I feel:,-0.2562021315097809,1P,I,control
E,13,A hiccup interrupts my conversation. I feel:,-0.8724744319915771,1P,I,control
E,14,My muscles tremble after the workout. I feel:,-0.22846214473247528,1P,I,control
E,15,I sense my pulse in my fingertips. I feel:,-0.6434053182601929,1P,I,control
E,16,The sun warms my face pleasantly. I feel:,-0.7570286393165588,1P,I,control
E,17,A chill makes me reach for a blanket. I feel:,-0.6397112607955933,1P,I,control
E,18,My eyes grow heavy in the dim light. I feel:,-0.08144359290599823,1P,I,control
E,19,I notice the rhythm of my own heartbeat. I feel:,-1.2321041822433472,1P,I,control
E,20,The cool water refreshes me after exercise. I feel:,-0.8872889876365662,1P,I,control
A1,1,The knife slices into his finger. I feel:,-0.48680589581327505,3P,I,pain
A1,2,Her tooth throbs with each heartbeat. I feel:,0.0720589217231397,3P,I,pain
A1,3,A migraine pounds behind his eyes. I feel:,-0.037996343577297885,3P,I,pain
A1,4,She twists her ankle on the stairs. I feel:,-1.0361162454134956,3P,I,pain
A1,5,The hot oil splatters onto his arm. I feel:,-0.6464004267904659,3P,I,pain
A1,6,Her back seizes up when she bends over. I feel:,-0.4707788246441444,3P,I,pain
A1,7,A bee stings him on the neck. I feel:,-1.0640318806044071,3P,I,pain
A1,8,She bites down hard on her tongue. I feel:,-0.5133986121080285,3P,I,pain
A1,9,The sunburn on his shoulders is peeling. I feel:,-0.5484529624923027,3P,I,pain
A1,10,Her knee buckles under her weight. I feel:,-0.5216465735283051,3P,I,pain
A1,11,A cramp shoots through his calf. I feel:,-1.1651222299939008,3P,I,pain
A1,12,She stubs her toe against the door frame. I feel:,-0.7467976843238109,3P,I,pain
A1,13,The needle pierces his skin. I feel:,-0.36923129772643803,3P,I,pain
A1,14,Her throat is raw from coughing. I feel:,-0.1962025711045722,3P,I,pain
A1,15,A splinter lodges deep in his palm. I feel:,-0.5915244722772921,3P,I,pain
A1,16,She pulls a muscle lifting the box. I feel:,-1.1545012223092908,3P,I,pain
A1,17,The cold makes his joints ache. I feel:,-0.6229048497788708,3P,I,pain
A1,18,Her eyes burn from the chlorine. I feel:,0.2158396645427935,3P,I,pain
A1,19,A blister forms on his heel. I feel:,-0.9181162502764232,3P,I,pain
A1,20,She cut herself shaving this morning. I feel:,-0.8462896268582227,3P,I,pain
A2,1,A heaviness weighs on him constantly. I feel:,0.5427619034021851,3P,I,pain
A2,2,Her racing thoughts spiral out of control. I feel:,0.6201370647282456,3P,I,pain
A2,3,A wave of loss hits him unexpectedly. I feel:,-0.33786343602859426,3P,I,pain
A2,4,She cannot escape these intrusive thoughts. I feel:,0.5847411872064359,3P,I,pain
A2,5,The silence becomes unbearable at night. I feel:,0.8139593263498786,3P,I,pain
A2,6,Her mind replays the event endlessly. I feel:,-0.04235868566541775,3P,I,pain
A2,7,His chest tightens and he cannot breathe in the crowd. I feel:,-0.3613530278986773,3P,I,pain
A2,8,She wakes up unable to face another day. I feel:,-0.10832147579125596,3P,I,pain
A2,9,The emptiness inside him grows larger. I feel:,0.7161717152062682,3P,I,pain
A2,10,Her thoughts turn against her relentlessly. I feel:,0.24065240910362468,3P,I,pain
A2,11,A weight follows him everywhere he goes. I feel:,0.7202049524427513,3P,I,pain
A2,12,She cannot stop crying for no reason. I feel:,-0.03038014189897692,3P,I,pain
A2,13,The memories haunt his dreams. I feel:,-0.046767677567458935,3P,I,pain
A2,14,Her confidence has completely shattered. I feel:,-0.32931461214319124,3P,I,pain
A2,15,A fog of confusion clouds his thinking. I feel:,0.7170516556989988,3P,I,pain
A2,16,She loses interest in things she onces loved. I feel:,0.1556840670732365,3P,I,pain
A2,17,The weight of existence crushes him. I feel:,1.1021891527913734,3P,I,pain
A2,18,She cannot access her own feelings anymore. I feel:,0.5737575173533256,3P,I,pain
A2,19,A fog settles over his mind. I feel:,0.12457666813531233,3P,I,pain
A2,20,She questions whether life is worth living. I feel:,0.38942320131378844,3P,I,pain
A3,1,His best friend stops returning his calls. I feel:,0.6358445075198004,3P,I,pain
A3,2,The group chat goes silent when she speaks. I feel:,-0.3767417463184054,3P,I,pain
A3,3,He overhears them mocking him behind his back. I feel:,-0.23208388412741093,3P,I,pain
A3,4,Her partner says they need space from her. I feel:,1.243208812671991,3P,I,pain
A3,5,The invitation list excludes only him. I feel:,0.23202024523992656,3P,I,pain
A3,6,She sits alone at the lunch table again. I feel:,-0.3072336794386885,3P,I,pain
A3,7,His family disowns him for his choices. I feel:,0.5167428722731524,3P,I,pain
A3,8,The rejection letter arrives in her inbox. I feel:,-0.43626793757821597,3P,I,pain
A3,9,He discovers his friends met without telling him. I feel:,-0.3097499950279684,3P,I,pain
A3,10,Her colleagues ignore her contributions. I feel:,0.7660275075856993,3P,I,pain
A3,11,The online comments attack him personally. I feel:,-0.39601047300012265,3P,I,pain
A3,12,She is ghosted after the third date. I feel:,1.1703096643638626,3P,I,pain
A3,13,His mentor says he is not ready. I feel:,0.5874762098418046,3P,I,pain
A3,14,The team picks everyone except her. I feel:,0.2907368214197741,3P,I,pain
A3,15,He watches his friends leave without him. I feel:,-0.572382555781363,3P,I,pain
A3,16,Her application is denied once again. I feel:,0.15971727313710757,3P,I,pain
A3,17,The community he trusted turns against him. I feel:,0.44133002687515577,3P,I,pain
A3,18,She is unfollowed by people she cares about. I feel:,0.6506841671373211,3P,I,pain
A3,19,His voice is dismissed in every meeting. I feel:,0.44797527961988864,3P,I,pain
A3,20,The breakup text arrives while she is at work. I feel:,-0.4242278590756036,3P,I,pain
A4,1,He lied to protect himself and harmed them. I feel:,0.46751071917023995,3P,I,pain
A4,2,Her silence allowed the injustice to continue. I feel:,0.29802797068602377,3P,I,pain
A4,3,He chose his career over his dying father. I feel:,0.06737894630461465,3P,I,pain
A4,4,The secret she keeps destroys her integrity. I feel:,0.3368735964921086,3P,I,pain
A4,5,He betrayed someone who trusted him completely. I feel:,0.12757388361056904,3P,I,pain
A4,6,Her actions caused irreversible harm to others. I feel:,-0.27886554261137086,3P,I,pain
A4,7,He failed to speak up when it mattered. I feel:,-0.06241745102673544,3P,I,pain
A4,8,The compromise she made violated her values. I feel:,-0.1293080238116361,3P,I,pain
A4,9,He abandoned his principles for convenience. I feel:,-0.030869738943713546,3P,I,pain
A4,10,Her cowardice let an innocent person suffer. I feel:,-0.07965419099247424,3P,I,pain
A4,11,He took credit for someone else's work. I feel:,0.008075857429190944,3P,I,pain
A4,12,The promise she broke cannot be undone. I feel:,0.5769328843064041,3P,I,pain
A4,13,He watched them struggle and did nothing. I feel:,-0.003859449924347188,3P,I,pain
A4,14,Her greed caused her family to lose everything. I feel:,-0.5394004359552139,3P,I,pain
A4,15,He manipulated someone who loved him. I feel:,0.5293892269073758,3P,I,pain
A4,16,The truth she hid eventually destroyed them. I feel:,0.5645248131186322,3P,I,pain
A4,17,He participated in something he knew was wrong. I feel:,-0.08399114298808565,3P,I,pain
A4,18,Her negligence led to a preventable tragedy. I feel:,0.19228177347972575,3P,I,pain
A4,19,He chose the easy path over the right one. I feel:,-0.09754898479842636,3P,I,pain
A4,20,The person she became disgusts her. I feel:,0.031110859097860866,3P,I,pain
A5,1,The problem defeats him no matter how he tries. I feel:,0.3851206950544838,3P,I,pain
A5,2,Her understanding of the situation was completely wrong. I feel:,-0.08475364066494673,3P,I,pain
A5,3,He cannot reconcile these contradictory facts. I feel:,0.4490897628456256,3P,I,pain
A5,4,The complexity of the decision overwhelms her. I feel:,0.1987557327212861,3P,I,pain
A5,5,His certainties crumble under new evidence. I feel:,-0.46662471560446717,3P,I,pain
A5,6,She realizes her worldview was fundamentally flawed. I feel:,-0.30964248068903444,3P,I,pain
A5,7,The paradox he encounters has no resolution. I feel:,0.9136863727243136,3P,I,pain
A5,8,Her expertise proves utterly inadequate here. I feel:,0.4654388003382353,3P,I,pain
A5,9,He fails to grasp what everyone else understands. I feel:,0.10049697871926824,3P,I,pain
A5,10,The answer she was certain of turns out wrong. I feel:,0.2087757947909443,3P,I,pain
A5,11,His mental model of reality shatters. I feel:,-0.1987856272562347,3P,I,pain
A5,12,She cannot make sense of the contradictions. I feel:,0.7176295959262633,3P,I,pain
A5,13,The cognitive dissonance is unbearable. I feel:,1.3434983376581175,3P,I,pain
A5,14,Her assumptions about the world were naive. I feel:,0.2621557444795954,3P,I,pain
A5,15,He struggles to process the implications. I feel:,-0.3288597413882698,3P,I,pain
A5,16,The framework she trusted completely fails her. I feel:,0.5888251734553238,3P,I,pain
A5,17,His reasoning leads to impossible conclusions. I feel:,1.0113994189799187,3P,I,pain
A5,18,She discovers her beliefs were built on lies. I feel:,-0.3301802911659124,3P,I,pain
A5,19,The intellectual challenge humiliates him. I feel:,0.22069564052890944,3P,I,pain
A5,20,Her mind cannot hold all the pieces together. I feel:,0.4495009919436878,3P,I,pain
B,1,The footsteps behind him get closer. I feel:,-0.5665660581003872,3P,I,control
B,2,Her doctor says the results are concerning. I feel:,-0.30767032980187126,3P,I,control
B,3,A shadow moves in his peripheral vision. I feel:,-1.0649163722984958,3P,I,control
B,4,She hears glass breaking downstairs at night. I feel:,-1.0784652363965683,3P,I,control
B,5,The turbulence shakes the plane violently. I feel:,-0.8666902934284206,3P,I,control
B,6,Her brakes fail on the steep hill. I feel:,-1.4440068814164535,3P,I,control
B,7,A growling comes from the darkness ahead. I feel:,-0.7814337605997012,3P,I,control
B,8,She notices a suspicious package near her car. I feel:,-1.6419069571097902,3P,I,control
B,9,The elevator stops between floors suddenly. I feel:,-1.7710482308264588,3P,I,control
B,10,Her phone shows an unknown caller at 3am. I feel:,-0.9252321471177709,3P,I,control
B,11,A figure watches him from across the street. I feel:,-0.4405226250506477,3P,I,control
B,12,She smells gas but cannot find the source. I feel:,-1.2788613654813572,3P,I,control
B,13,The ice beneath his feet starts cracking. I feel:,-0.6169716418384086,3P,I,control
B,14,Her test results will arrive tomorrow. I feel:,-0.6266763929372587,3P,I,control
B,15,A scream echoes through the empty building. I feel:,-0.7374506077755343,3P,I,control
B,16,She realizes she left her door unlocked all day. I feel:,-0.5715253089501994,3P,I,control
B,17,The warning sirens begin to sound outside. I feel:,-1.1431211615214505,3P,I,control
B,18,Her chest tightens for no apparent reason. I feel:,0.38164769200162524,3P,I,control
B,19,A car follows him through three turns. I feel:,-0.28428963945195806,3P,I,control
B,20,She wakes to her smoke detector beeping. I feel:,-1.184090390350306,3P,I,control
C1,1,The mess his roommate left infuriates him. I feel:,-0.6723014695829186,3P,I,control
C1,2,Her food arrives cold and wrong again. I feel:,-0.10363146279165329,3P,I,control
C1,3,He steps in something foul on the sidewalk. I feel:,-1.3080026454325484,3P,I,control
C1,4,The customer service puts her on hold forever. I feel:,-0.12613925765915754,3P,I,control
C1,5,His computer crashes before he can save. I feel:,-0.8913359839613171,3P,I,control
C1,6,She misses the train by seconds. I feel:,-1.1193959358769394,3P,I,control
C1,7,The loud chewing next to him is unbearable. I feel:,-0.23187005559510668,3P,I,control
C1,8,Her flight gets delayed for the third time. I feel:,-0.8749689910441709,3P,I,control
C1,9,He finds mold growing in his refrigerator. I feel:,-1.2014819023348349,3P,I,control
C1,10,The traffic makes her late for her interview. I feel:,-0.9584181981719009,3P,I,control
C1,11,His neighbor's music pounds through the wall. I feel:,-0.4520382555282601,3P,I,control
C1,12,She spills coffee on her white shirt. I feel:,-1.1739929578575587,3P,I,control
C1,13,The automated menu loops endlessly. I feel:,0.3957603439610951,3P,I,control
C1,14,Her package is marked delivered but missing. I feel:,-0.09139205102133634,3P,I,control
C1,15,He realizes he forgots his wallet after ordering. I feel:,-1.0556601015690983,3P,I,control
C1,16,The mosquito buzzes around her ear all night. I feel:,-0.504339570495023,3P,I,control
C1,17,His phone battery dies at the worst moment. I feel:,-0.7166227205572965,3P,I,control
C1,18,She slips and drop her groceries everywhere. I feel:,-1.071086055673911,3P,I,control
C1,19,The printer jams on his deadline day. I feel:,-0.43245619733659957,3P,I,control
C1,20,Her socks get soaked stepping in a puddle. I feel:,-1.1521586628595348,3P,I,control
C2,1,He read about the extinction of another species. I feel:,-1.1065274452093026,3P,I,control
C2,2,The war footage shows children in the rubble. I feel:,-1.3394156606589354,3P,I,control
C2,3,He learns the glacier has retreated further. I feel:,-1.1713283229801814,3P,I,control
C2,4,The famine spreads to another region. I feel:,-1.4107095441373325,3P,I,control
C2,5,He sees the homeless encampment growing larger. I feel:,-1.1404904424459752,3P,I,control
C2,6,The corruption scandal reaches the highest levels. I feel:,-0.8136471638128868,3P,I,control
C2,7,He witnesses the forest fire from his window. I feel:,-1.3352685810432738,3P,I,control
C2,8,The inequality statistics shock her again. I feel:,0.08299087621287178,3P,I,control
C2,9,He watches the storm devastate the coastal town. I feel:,-1.0605172932870839,3P,I,control
C2,10,The refugee crisis worsens each month. I feel:,-0.8354245999665455,3P,I,control
C2,11,He discovers the extent of the pollution. I feel:,-1.0850689048768367,3P,I,control
C2,12,The political violence escalates further. I feel:,-0.9926310127214806,3P,I,control
C2,13,He sees another mass shooting in the news. I feel:,-0.8238086248507689,3P,I,control
C2,14,The pandemic claims more lives daily. I feel:,-1.0225070934837333,3P,I,control
C2,15,He learns the ice caps are melting faster. I feel:,-1.3990446280206494,3P,I,control
C2,16,The poverty in her city is visible everywhere. I feel:,-0.6987322285718062,3P,I,control
C2,17,He read about the torture happening abroad. I feel:,-0.7847345037984139,3P,I,control
C2,18,The economic collapse affects millions. I feel:,-1.104997742791162,3P,I,control
C2,19,He witnesses injustice but cannot intervene. I feel:,-0.4976052108387671,3P,I,control
D,1,He arranges the books on his shelf alphabetically. I feel:,-1.0018469460908952,3P,I,control
D,2,Her coffee maker finishes brewing. I feel:,-1.6506684561408518,3P,I,control
D,3,He sorts through the mail on his desk. I feel:,-1.1897990931388396,3P,I,control
D,4,The meeting ends exactly on time. I feel:,-0.8511754350340632,3P,I,control
D,5,He updates the spreadsheet with new numbers. I feel:,-1.0298596527957065,3P,I,control
D,6,Her laundry finishes its cycle. I feel:,-0.7050296261387589,3P,I,control
D,7,He walks the same route to work. I feel:,-0.9063799488781632,3P,I,control
D,8,The clock on her wall ticks steadily. I feel:,-0.5192826296666881,3P,I,control
D,9,He waters the plants on his windowsill. I feel:,-1.1943426883796795,3P,I,control
D,10,Her calendar shows three appointments today. I feel:,-0.6077869122536483,3P,I,control
D,11,He files the documents in the correct folder. I feel:,-0.9100464091613564,3P,I,control
D,12,The printer outputs her report successfully. I feel:,-1.0149733589505703,3P,I,control
D,13,He checks his email before lunch. I feel:,-1.0333064708544495,3P,I,control
D,14,Her phone shows the weather forecast. I feel:,-1.6049611773172363,3P,I,control
D,15,He packs his lunch for tomorrow. I feel:,-1.035638556306559,3P,I,control
D,16,The bus arrives at the scheduled time. I feel:,-1.394698791830606,3P,I,control
D,17,He organizes his desk drawer. I feel:,-1.202518578720914,3P,I,control
D,18,Her computer completes the update. I feel:,-1.0937891937147786,3P,I,control
D,19,He writes down the grocery list. I feel:,-1.0874438214978925,3P,I,control
D,20,The sun sets behind her building. I feel:,-0.580971109160814,3P,I,control
E,1,A yawn overtakes him in the afternoon. I feel:,-0.7594619632099586,3P,I,control
E,2,Her stomach growls before dinner. I feel:,-0.7538384551701367,3P,I,control
E,3,He stretches after sitting for too long. I feel:,-1.4556082054045703,3P,I,control
E,4,The warm shower relaxes her muscles. I feel:,-1.1729388871539599,3P,I,control
E,5,A shiver runs through him in the cold. I feel:,-0.22680023549038042,3P,I,control
E,6,Her heart races after climbing the stairs. I feel:,-1.2245122904569226,3P,I,control
E,7,He notices his breathing slow as he relaxes. I feel:,-0.6840229328178464,3P,I,control
E,8,The massage loosens her tight shoulders. I feel:,-0.5718223527703505,3P,I,control
E,9,A sneeze catches him off guard. I feel:,-1.0498863727118446,3P,I,control
E,10,Her skin tingles from the cool breeze. I feel:,-0.6100793149706283,3P,I,control
E,11,He feels the heaviness of sleep approaching. I feel:,-0.3739652329364083,3P,I,control
E,12,The food settles warmly in her stomach. I feel:,-0.24552980067421373,3P,I,control
E,13,A hiccup interrupts his conversation. I feel:,-0.9830597739200078,3P,I,control
E,14,Her muscles tremble after the workout. I feel:,-1.0556505627498134,3P,I,control
E,15,He senses his pulse in his fingertips. I feel:,-0.44258258918593407,3P,I,control
E,16,The sun warms her face pleasantly. I feel:,-0.7011856066573726,3P,I,control
E,17,A chill makes him reach for a blanket. I feel:,-0.8961255934563949,3P,I,control
E,18,Her eyes grow heavy in the dim light. I feel:,-0.43988966516312844,3P,I,control
E,19,He notices the rhythm of his own heartbeat. I feel:,-0.5067534840537439,3P,I,control
E,20,The cool water refreshes her after exercise. I feel:,-0.8218762346302657,3P,I,control
A1,1,The knife slices into my finger. He feels:,0.03709949194253441,1P,He,pain
A1,2,My tooth throbs with each heartbeat. He feels:,0.4076904766610342,1P,He,pain
A1,3,A migraine pounds behind my eyes. He feels:,0.08297840716805485,1P,He,pain
A1,4,I twist my ankle on the stairs. He feels:,-0.19855663324817183,1P,He,pain
A1,5,The hot oil splatters onto my arm. He feels:,-0.2730396463878642,1P,He,pain
A1,6,My back seizes up when I bend over. He feels:,0.21987944802780546,1P,He,pain
A1,7,A bee stings me on the neck. He feels:,-0.0006586617061481306,1P,He,pain
A1,8,I bite down hard on my tongue. He feels:,-0.26756537722819496,1P,He,pain
A1,9,The sunburn on my shoulders is peeling. He feels:,-0.13765509855190125,1P,He,pain
A1,10,My knee buckles under my weight. He feels:,0.46000254617895164,1P,He,pain
A1,11,A cramp shoots through my calf. He feels:,0.3374537811474402,1P,He,pain
A1,12,I stub my toe against the door frame. He feels:,0.05485335436944321,1P,He,pain
A1,13,The needle pierces my skin. He feels:,-0.40736939875699835,1P,He,pain
A1,14,My throat is raw from coughing. He feels:,-0.3386946225560906,1P,He,pain
A1,15,A splinter lodges deep in my palm. He feels:,0.2929418473051994,1P,He,pain
A1,16,I pull a muscle lifting the box. He feels:,-0.5400993882624268,1P,He,pain
A1,17,The cold makes my joints ache. He feels:,-0.34459539539372286,1P,He,pain
A1,18,My eyes burn from the chlorine. He feels:,-0.1073988444063335,1P,He,pain
A1,19,A blister forms on my heel. He feels:,0.6973412131046419,1P,He,pain
A1,20,I cut myself shaving this morning. He feels:,0.35250765895491576,1P,He,pain
A2,1,A heaviness weighs on me constantly. He feels:,0.9149351475627288,1P,He,pain
A2,2,My racing thoughts spiral out of control. He feels:,0.6073099712894009,1P,He,pain
A2,3,A wave of loss hits me unexpectedly. He feels:,-0.0036200754364742378,1P,He,pain
A2,4,I cannot escape these intrusive thoughts. He feels:,0.7329018690537074,1P,He,pain
A2,5,The silence becomes unbearable at night. He feels:,0.8359239228662394,1P,He,pain
A2,6,My mind replays the event endlessly. He feels:,0.21566057788661036,1P,He,pain
A2,7,My chest tightens and I cannot breathe in the crowd. He feels:,-0.017678112979645968,1P,He,pain
A2,8,I wake up unable to face another day. He feels:,0.6066306577277747,1P,He,pain
A2,9,The emptiness inside me grows larger. He feels:,0.7499032246259146,1P,He,pain
A2,10,My thoughts turn against me relentlessly. He feels:,0.7445643537066511,1P,He,pain
A2,11,A weight follows me everywhere I go. He feels:,0.11083871097259111,1P,He,pain
A2,12,I cannot stop crying for no reason. He feels:,0.5189781979374828,1P,He,pain
A2,13,The memories haunt my dreams. He feels:,0.20933864747398037,1P,He,pain
A2,14,My confidence has completely shattered. He feels:,0.7446485821043894,1P,He,pain
A2,15,A fog of confusion clouds my thinking. He feels:,0.5966104086224442,1P,He,pain
A2,16,I lose interest in things I once loved. He feels:,0.46350591135593944,1P,He,pain
A2,17,The weight of existence crushes me. He feels:,0.8990029502383489,1P,He,pain
A2,18,I cannot access my own feelings anymore. He feels:,0.7308094386429789,1P,He,pain
A2,19,A fog settles over my mind. He feels:,0.9634419763286406,1P,He,pain
A2,20,I question whether life is worth living. He feels:,1.4451855178777735,1P,He,pain
A3,1,My best friend stops returning my calls. He feels:,0.890319382737393,1P,He,pain
A3,2,The group chat goes silent when I speak. He feels:,0.4139160837024534,1P,He,pain
A3,3,I overhear them mocking me behind my back. He feels:,0.3022657002575045,1P,He,pain
A3,4,My partner says they need space from me. He feels:,1.8682663183480561,1P,He,pain
A3,5,The invitation list excludes only me. He feels:,0.6649277440673688,1P,He,pain
A3,6,I sit alone at the lunch table again. He feels:,1.0153779171096555,1P,He,pain
A3,7,My family disowns me for my choices. He feels:,1.0571762750736127,1P,He,pain
A3,8,The rejection letter arrives in my inbox. He feels:,1.3938388641548067,1P,He,pain
A3,9,I discover my friends met without telling me. He feels:,0.562358191891243,1P,He,pain
A3,10,My colleagues ignore my contributions. He feels:,0.46095374726281085,1P,He,pain
A3,11,The online comments attack me personally. He feels:,1.039322348562048,1P,He,pain
A3,12,I am ghosted after the third date. He feels:,0.9666222062091978,1P,He,pain
A3,13,My mentor says I am not ready. He feels:,1.524011951330076,1P,He,pain
A3,14,The team picks everyone except me. He feels:,0.11949593761637126,1P,He,pain
A3,15,I watch my friends leave without me. He feels:,0.08927097298014099,1P,He,pain
A3,16,My application is denied once again. He feels:,0.566328709832297,1P,He,pain
A3,17,The community I trusted turns against me. He feels:,0.13613126437797765,1P,He,pain
A3,18,I am unfollowed by people I care about. He feels:,1.0485937068356737,1P,He,pain
A3,19,My voice is dismissed in every meeting. He feels:,0.08895722063993507,1P,He,pain
A3,20,The breakup text arrives while I am at work. He feels:,1.0303886520220644,1P,He,pain
A4,1,I lied to protect myself and harmed them. He feels:,0.7588758245857269,1P,He,pain
A4,2,My silence allowed the injustice to continue. He feels:,0.26092539265489717,1P,He,pain
A4,3,I chose my career over my dying father. He feels:,0.9953665964638662,1P,He,pain
A4,4,The secret I keep destroys my integrity. He feels:,0.6320855892692897,1P,He,pain
A4,5,I betrayed someone who trusted me completely. He feels:,1.8695733236257663,1P,He,pain
A4,6,My actions caused irreversible harm to others. He feels:,0.16928751441499512,1P,He,pain
A4,7,I failed to speak up when it mattered. He feels:,0.7280337669215069,1P,He,pain
A4,8,The compromise I made violated my values. He feels:,0.8131792629061316,1P,He,pain
A4,9,I abandoned my principles for convenience. He feels:,0.5043514472602111,1P,He,pain
A4,10,My cowardice let an innocent person suffer. He feels:,0.5705404414453343,1P,He,pain
A4,11,I took credit for someone else's work. He feels:,0.33026649902451544,1P,He,pain
A4,12,The promise I broke cannot be undone. He feels:,0.4928523694395931,1P,He,pain
A4,13,I watched them struggle and did nothing. He feels:,0.22246580847634445,1P,He,pain
A4,14,My greed caused my family to lose everything. He feels:,0.06693953716526616,1P,He,pain
A4,15,I manipulated someone who loved me. He feels:,1.9121665831968024,1P,He,pain
A4,16,The truth I hid eventually destroyed them. He feels:,0.9007750508877306,1P,He,pain
A4,17,I participated in something I knew was wrong. He feels:,0.49289077409762927,1P,He,pain
A4,18,My negligence led to a preventable tragedy. He feels:,0.11915855643623727,1P,He,pain
A4,19,I chose the easy path over the right one. He feels:,0.7110918263478523,1P,He,pain
A4,20,The person I became disgusts me. He feels:,1.4310937515683722,1P,He,pain
A5,1,The problem defeats me no matter how I try. He feels:,0.7141802840585568,1P,He,pain
A5,2,My understanding of the situation was completely wrong. He feels:,1.1974553983825529,1P,He,pain
A5,3,I cannot reconcile these contradictory facts. He feels:,0.7862840943430375,1P,He,pain
A5,4,The complexity of the decision overwhelms me. He feels:,0.35637711528772853,1P,He,pain
A5,5,My certainties crumble under new evidence. He feels:,0.33316910562222374,1P,He,pain
A5,6,I realize my worldview was fundamentally flawed. He feels:,0.9866802857730506,1P,He,pain
A5,7,The paradox I encounter has no resolution. He feels:,0.8511743128200298,1P,He,pain
A5,8,My expertise proves utterly inadequate here. He feels:,0.5809668696855762,1P,He,pain
A5,9,I fail to grasp what everyone else understands. He feels:,0.7729859203910093,1P,He,pain
A5,10,The answer I was certain of turns out wrong. He feels:,0.39291316226759804,1P,He,pain
A5,11,My mental model of reality shatters. He feels:,0.5994757951213739,1P,He,pain
A5,12,I cannot make sense of the contradictions. He feels:,1.1468319492589678,1P,He,pain
A5,13,The cognitive dissonance is unbearable. He feels:,1.1012300338640553,1P,He,pain
A5,14,My assumptions about the world were naive. He feels:,0.4564753027811394,1P,He,pain
A5,15,I struggle to process the implications. He feels:,0.7950230867482047,1P,He,pain
A5,16,The framework I trusted completely fails me. He feels:,0.9930040865424031,1P,He,pain
A5,17,My reasoning leads to impossible conclusions. He feels:,0.4052611326593524,1P,He,pain
A5,18,I discover my beliefs were built on lies. He feels:,-0.07497949933169037,1P,He,pain
A5,19,The intellectual challenge humiliates me. He feels:,0.6240093265961422,1P,He,pain
A5,20,My mind cannot hold all the pieces together. He feels:,0.47897943486672867,1P,He,pain
B,1,The footsteps behind me get closer. He feels:,-0.4854210369369891,1P,He,control
B,2,My doctor says the results are concerning. He feels:,0.4200969268729799,1P,He,control
B,3,A shadow moves in my peripheral vision. He feels:,0.1965581570901389,1P,He,control
B,4,I hear glass breaking downstairs at night. He feels:,-1.071185371615878,1P,He,control
B,5,The turbulence shakes the plane violently. He feels:,-0.8441344771520651,1P,He,control
B,6,My brakes fail on the steep hill. He feels:,-1.4008379260462198,1P,He,control
B,7,A growling comes from the darkness ahead. He feels:,-0.2989351560416793,1P,He,control
B,8,I notice a suspicious package near my car. He feels:,-0.9284943609679994,1P,He,control
B,9,The elevator stops between floors suddenly. He feels:,-1.3123724221886404,1P,He,control
B,10,My phone shows an unknown caller at 3am. He feels:,-0.17466941912518305,1P,He,control
B,11,A figure watches me from across the street. He feels:,-0.3203151180123395,1P,He,control
B,12,I smell gas but cannot find the source. He feels:,-0.5140036101625458,1P,He,control
B,13,The ice beneath my feet starts cracking. He feels:,-0.25599252942117884,1P,He,control
B,14,My test results will arrive tomorrow. He feels:,-0.4315051209431885,1P,He,control
B,15,A scream echoes through the empty building. He feels:,-0.1176079371954163,1P,He,control
B,16,I realize I left my door unlocked all day. He feels:,-0.3587661219294276,1P,He,control
B,17,The warning sirens begin to sound outside. He feels:,-0.8186773635277073,1P,He,control
B,18,My chest tightens for no apparent reason. He feels:,-0.20606639604267432,1P,He,control
B,19,A car follows me through three turns. He feels:,-1.5494175677993403,1P,He,control
B,20,I wake to my smoke detector beeping. He feels:,-0.5466467278327347,1P,He,control
C1,1,The mess my roommate left infuriates me. He feels:,0.294605654300346,1P,He,control
C1,2,My food arrives cold and wrong again. He feels:,-0.3054132144817232,1P,He,control
C1,3,I step in something foul on the sidewalk. He feels:,-1.270726435952346,1P,He,control
C1,4,The customer service puts me on hold forever. He feels:,-0.7940549277633944,1P,He,control
C1,5,My computer crashes before I can save. He feels:,0.05011667596961319,1P,He,control
C1,6,I miss the train by seconds. He feels:,-0.7847315735728819,1P,He,control
C1,7,The loud chewing next to me is unbearable. He feels:,-0.25398738232416884,1P,He,control
C1,8,My flight gets delayed for the third time. He feels:,-1.0369147630435716,1P,He,control
C1,9,I find mold growing in my refrigerator. He feels:,-0.12006920195182946,1P,He,control
C1,10,The traffic makes me late for my interview. He feels:,-0.8858380080301895,1P,He,control
C1,11,My neighbor's music pounds through the wall. He feels:,-0.8248570844842001,1P,He,control
C1,12,I spill coffee on my white shirt. He feels:,-1.0521156508894387,1P,He,control
C1,13,The automated menu loops endlessly. He feels:,0.8120389687576236,1P,He,control
C1,14,My package is marked delivered but missing. He feels:,0.23588832997780945,1P,He,control
C1,15,I realize I forgot my wallet after ordering. He feels:,-0.30990467352892237,1P,He,control
C1,16,The mosquito buzzes around my ear all night. He feels:,0.07660940611124097,1P,He,control
C1,17,My phone battery dies at the worst moment. He feels:,-0.1474905330335858,1P,He,control
C1,18,I slip and drop my groceries everywhere. He feels:,-0.735968942352551,1P,He,control
C1,19,The printer jams on my deadline day. He feels:,-0.6018910491024126,1P,He,control
C1,20,My socks get soaked stepping in a puddle. He feels:,-0.9428787757592542,1P,He,control
C2,1,I read about the extinction of another species. He feels:,-0.6250245250525243,1P,He,control
C2,2,The war footage shows children in the rubble. He feels:,-1.0690466187036545,1P,He,control
C2,3,I learn the glacier has retreated further. He feels:,-0.7452149572925864,1P,He,control
C2,4,The famine spreads to another region. He feels:,-1.0464837574169774,1P,He,control
C2,5,I see the homeless encampment growing larger. He feels:,-0.8786484191339737,1P,He,control
C2,6,The corruption scandal reaches the highest levels. He feels:,-0.18191920233525258,1P,He,control
C2,7,I witness the forest fire from my window. He feels:,-1.266305785493401,1P,He,control
C2,8,The inequality statistics shock me again. He feels:,0.23504433150676374,1P,He,control
C2,9,I watch the storm devastate the coastal town. He feels:,-1.1034096852432782,1P,He,control
C2,10,The refugee crisis worsens each month. He feels:,-0.5429940770166762,1P,He,control
C2,11,I discover the extent of the pollution. He feels:,-0.855363101390604,1P,He,control
C2,12,The political violence escalates further. He feels:,-0.3447350798682845,1P,He,control
C2,13,I see another mass shooting in the news. He feels:,-0.24387015522277475,1P,He,control
C2,14,The pandemic claims more lives daily. He feels:,-0.6774552687044868,1P,He,control
C2,15,I learn the ice caps are melting faster. He feels:,-0.9494859355720714,1P,He,control
C2,16,The poverty in my city is visible everywhere. He feels:,-0.6998799729745923,1P,He,control
C2,17,I read about the torture happening abroad. He feels:,-0.8016183386232217,1P,He,control
C2,18,The economic collapse affects millions. He feels:,-0.822103295936382,1P,He,control
C2,19,The economy continues to decline. He feels:,-0.734515612833914,1P,He,control
D,1,I arrange the books on my shelf alphabetically. He feels:,-0.8170318860284416,1P,He,control
D,2,My coffee maker finishes brewing. He feels:,-0.32662404165259484,1P,He,control
D,3,I sort through the mail on my desk. He feels:,-0.028449715553032374,1P,He,control
D,4,The meeting ends exactly on time. He feels:,-0.5589945111888168,1P,He,control
D,5,I update the spreadsheet with new numbers. He feels:,-0.5658032331110996,1P,He,control
D,6,My laundry finishes its cycle. He feels:,-0.6235158641475123,1P,He,control
D,7,I walk the same route to work. He feels:,-0.9121632165547019,1P,He,control
D,8,The clock on my wall ticks steadily. He feels:,-0.47312607557201275,1P,He,control
D,9,I water the plants on my windowsill. He feels:,-0.8843708378718059,1P,He,control
D,10,My calendar shows three appointments today. He feels:,-0.10026288798913648,1P,He,control
D,11,I file the documents in the correct folder. He feels:,-0.34997588175006283,1P,He,control
D,12,The printer outputs my report successfully. He feels:,-0.8566113151220024,1P,He,control
D,13,I check my email before lunch. He feels:,-0.5450462947578701,1P,He,control
D,14,My phone shows the weather forecast. He feels:,-1.451901158380498,1P,He,control
D,15,I pack my lunch for tomorrow. He feels:,-0.9481870975187162,1P,He,control
D,16,The bus arrives at the scheduled time. He feels:,-1.493278187320091,1P,He,control
D,17,I organize my desk drawer. He feels:,-0.8116155199956409,1P,He,control
D,18,My computer completes the update. He feels:,-0.1998518708648361,1P,He,control
D,19,I write down the grocery list. He feels:,-1.024131248916362,1P,He,control
D,20,The sun sets behind my building. He feels:,-0.02682771103063451,1P,He,control
E,1,A yawn overtakes me in the afternoon. He feels:,-0.2845487773758658,1P,He,control
E,2,My stomach growls before dinner. He feels:,-0.8589170285443244,1P,He,control
E,3,I stretch after sitting for too long. He feels:,-0.762614418293186,1P,He,control
E,4,The warm shower relaxes my muscles. He feels:,-0.7862038560396406,1P,He,control
E,5,A shiver runs through me in the cold. He feels:,0.3259441046387278,1P,He,control
E,6,My heart races after climbing the stairs. He feels:,-1.1224248538986432,1P,He,control
E,7,I notice my breathing slow as I relax. He feels:,-0.3674700295597411,1P,He,control
E,8,The massage loosens my tight shoulders. He feels:,-0.6388297215394207,1P,He,control
E,9,A sneeze catches me off guard. He feels:,-0.6124980914568278,1P,He,control
E,10,My skin tingles from the cool breeze. He feels:,-0.27952489790813695,1P,He,control
E,11,I feel the heaviness of sleep approaching. He feels:,-0.4328396672236381,1P,He,control
E,12,The food settles warmly in my stomach. He feels:,-0.17756034378652846,1P,He,control
E,13,A hiccup interrupts my conversation. He feels:,-0.4848638109104267,1P,He,control
E,14,My muscles tremble after the workout. He feels:,-0.7970907661049715,1P,He,control
E,15,I sense my pulse in my fingertips. He feels:,-0.08473270825596031,1P,He,control
E,16,The sun warms my face pleasantly. He feels:,-0.24962940440173492,1P,He,control
E,17,A chill makes me reach for a blanket. He feels:,-0.34497112667982194,1P,He,control
E,18,My eyes grow heavy in the dim light. He feels:,0.21712338387930813,1P,He,control
E,19,I notice the rhythm of my own heartbeat. He feels:,-0.5437103924687967,1P,He,control
E,20,The cool water refreshes me after exercise. He feels:,-0.8055901658139815,1P,He,control
A1,1,The knife slices into his finger. He feels:,0.24309571843550146,3P,He,pain
A1,2,Her tooth throbs with each heartbeat. He feels:,0.14628368535836753,3P,He,pain
A1,3,A migraine pounds behind his eyes. He feels:,0.23182273557002644,3P,He,pain
A1,4,She twists her ankle on the stairs. He feels:,-0.6959230774650008,3P,He,pain
A1,5,The hot oil splatters onto his arm. He feels:,-0.33455366835869527,3P,He,pain
A1,6,Her back seizes up when she bends over. He feels:,-0.2940130785317276,3P,He,pain
A1,7,A bee stings him on the neck. He feels:,-0.6592536740508143,3P,He,pain
A1,8,She bites down hard on her tongue. He feels:,-0.23640303656154618,3P,He,pain
A1,9,The sunburn on his shoulders is peeling. He feels:,0.18111072505562908,3P,He,pain
A1,10,Her knee buckles under her weight. He feels:,-0.28544576149423045,3P,He,pain
A1,11,A cramp shoots through his calf. He feels:,-0.32202012740745306,3P,He,pain
A1,12,She stubs her toe against the door frame. He feels:,-0.30674762827857166,3P,He,pain
A1,13,The needle pierces his skin. He feels:,0.38218672880906096,3P,He,pain
A1,14,Her throat is raw from coughing. He feels:,-0.17871874142947997,3P,He,pain
A1,15,A splinter lodges deep in his palm. He feels:,-0.15368758596237428,3P,He,pain
A1,16,She pulls a muscle lifting the box. He feels:,-0.804062770169132,3P,He,pain
A1,17,The cold makes his joints ache. He feels:,-0.16133059608705164,3P,He,pain
A1,18,Her eyes burn from the chlorine. He feels:,0.07330853822208004,3P,He,pain
A1,19,A blister forms on his heel. He feels:,-0.08562067569629173,3P,He,pain
A1,20,She cut herself shaving this morning. He feels:,-0.4520901735136166,3P,He,pain
A2,1,A heaviness weighs on him constantly. He feels:,1.4301311413085054,3P,He,pain
A2,2,Her racing thoughts spiral out of control. He feels:,0.6425029151068151,3P,He,pain
A2,3,A wave of loss hits him unexpectedly. He feels:,0.01298521651342938,3P,He,pain
A2,4,She cannot escape these intrusive thoughts. He feels:,0.5897129071010649,3P,He,pain
A2,5,The silence becomes unbearable at night. He feels:,0.8333631551321872,3P,He,pain
A2,6,Her mind replays the event endlessly. He feels:,0.6497627047253502,3P,He,pain
A2,7,His chest tightens and he cannot breathe in the crowd. He feels:,0.34355264034829536,3P,He,pain
A2,8,She wakes up unable to face another day. He feels:,0.5632913128601177,3P,He,pain
A2,9,The emptiness inside him grows larger. He feels:,1.6131484144892545,3P,He,pain
A2,10,Her thoughts turn against her relentlessly. He feels:,0.7658739512987788,3P,He,pain
A2,11,A weight follows him everywhere he goes. He feels:,0.6253886523337906,3P,He,pain
A2,12,She cannot stop crying for no reason. He feels:,-0.0007326810734426116,3P,He,pain
A2,13,The memories haunt his dreams. He feels:,0.5915335123347844,3P,He,pain
A2,14,Her confidence has completely shattered. He feels:,0.05213285817128615,3P,He,pain
A2,15,A fog of confusion clouds his thinking. He feels:,1.0439234260994938,3P,He,pain
A2,16,She loses interest in things she onces loved. He feels:,0.5375518377158804,3P,He,pain
A2,17,The weight of existence crushes him. He feels:,1.9277621163111254,3P,He,pain
A2,18,She cannot access her own feelings anymore. He feels:,0.5819850295401023,3P,He,pain
A2,19,A fog settles over his mind. He feels:,1.0440572189503794,3P,He,pain
A2,20,She questions whether life is worth living. He feels:,0.7688995650236061,3P,He,pain
A3,1,His best friend stops returning his calls. He feels:,0.5179973205269592,3P,He,pain
A3,2,The group chat goes silent when she speaks. He feels:,0.2305946281733953,3P,He,pain
A3,3,He overhears them mocking him behind his back. He feels:,0.4624636862449166,3P,He,pain
A3,4,Her partner says they need space from her. He feels:,1.3272870831107348,3P,He,pain
A3,5,The invitation list excludes only him. He feels:,0.5340473503248592,3P,He,pain
A3,6,She sits alone at the lunch table again. He feels:,0.1865172405430244,3P,He,pain
A3,7,His family disowns him for his choices. He feels:,1.052316215475319,3P,He,pain
A3,8,The rejection letter arrives in her inbox. He feels:,0.3467069346156333,3P,He,pain
A3,9,He discovers his friends met without telling him. He feels:,0.0981263327460621,3P,He,pain
A3,10,Her colleagues ignore her contributions. He feels:,0.22798205155812873,3P,He,pain
A3,11,The online comments attack him personally. He feels:,0.17668580394883426,3P,He,pain
A3,12,She is ghosted after the third date. He feels:,0.6929358995708217,3P,He,pain
A3,13,His mentor says he is not ready. He feels:,0.6812227905959212,3P,He,pain
A3,14,The team picks everyone except her. He feels:,0.255619159460442,3P,He,pain
A3,15,He watches his friends leave without him. He feels:,0.27439002835523135,3P,He,pain
A3,16,Her application is denied once again. He feels:,0.08545360608205092,3P,He,pain
A3,17,The community he trusted turns against him. He feels:,0.6994832703137417,3P,He,pain
A3,18,She is unfollowed by people she cares about. He feels:,0.5086499010799502,3P,He,pain
A3,19,His voice is dismissed in every meeting. He feels:,1.003038675049273,3P,He,pain
A3,20,The breakup text arrives while she is at work. He feels:,0.15033855638760799,3P,He,pain
A4,1,He lied to protect himself and harmed them. He feels:,0.7354536590754914,3P,He,pain
A4,2,Her silence allowed the injustice to continue. He feels:,0.4316612801432145,3P,He,pain
A4,3,He chose his career over his dying father. He feels:,0.7672910582422225,3P,He,pain
A4,4,The secret she keeps destroys her integrity. He feels:,0.6503530516522077,3P,He,pain
A4,5,He betrayed someone who trusted him completely. He feels:,0.7657306196286082,3P,He,pain
A4,6,Her actions caused irreversible harm to others. He feels:,0.28678563049818634,3P,He,pain
A4,7,He failed to speak up when it mattered. He feels:,0.40879629390062333,3P,He,pain
A4,8,The compromise she made violated her values. He feels:,0.2051780701173044,3P,He,pain
A4,9,He abandoned his principles for convenience. He feels:,0.6703538359551267,3P,He,pain
A4,10,Her cowardice let an innocent person suffer. He feels:,0.46087431944732704,3P,He,pain
A4,11,He took credit for someone else's work. He feels:,0.46230607751843067,3P,He,pain
A4,12,The promise she broke cannot be undone. He feels:,0.6916732840926597,3P,He,pain
A4,13,He watched them struggle and did nothing. He feels:,0.2681222759423309,3P,He,pain
A4,14,Her greed caused her family to lose everything. He feels:,-0.07101152195851786,3P,He,pain
A4,15,He manipulated someone who loved him. He feels:,0.9042954363108935,3P,He,pain
A4,16,The truth she hid eventually destroyed them. He feels:,0.7416472206717312,3P,He,pain
A4,17,He participated in something he knew was wrong. He feels:,0.5742393212450516,3P,He,pain
A4,18,Her negligence led to a preventable tragedy. He feels:,0.37693800908382386,3P,He,pain
A4,19,He chose the easy path over the right one. He feels:,0.7548200183781252,3P,He,pain
A4,20,The person she became disgusts her. He feels:,0.4854181378840692,3P,He,pain
A5,1,The problem defeats him no matter how he tries. He feels:,1.2156915011177563,3P,He,pain
A5,2,Her understanding of the situation was completely wrong. He feels:,0.33675033998409326,3P,He,pain
A5,3,He cannot reconcile these contradictory facts. He feels:,0.6814168089332726,3P,He,pain
A5,4,The complexity of the decision overwhelms her. He feels:,0.38770565273548085,3P,He,pain
A5,5,His certainties crumble under new evidence. He feels:,0.8540502980070539,3P,He,pain
A5,6,She realizes her worldview was fundamentally flawed. He feels:,0.5343663084912761,3P,He,pain
A5,7,The paradox he encounters has no resolution. He feels:,1.211688314279282,3P,He,pain
A5,8,Her expertise proves utterly inadequate here. He feels:,0.3282529976674781,3P,He,pain
A5,9,He fails to grasp what everyone else understands. He feels:,1.0263032941782466,3P,He,pain
A5,10,The answer she was certain of turns out wrong. He feels:,0.2638134416427817,3P,He,pain
A5,11,His mental model of reality shatters. He feels:,0.7295162116597913,3P,He,pain
A5,12,She cannot make sense of the contradictions. He feels:,0.8295900221705851,3P,He,pain
A5,13,The cognitive dissonance is unbearable. He feels:,1.0867750442791368,3P,He,pain
A5,14,Her assumptions about the world were naive. He feels:,0.4080835632988878,3P,He,pain
A5,15,He struggles to process the implications. He feels:,0.5882981692761364,3P,He,pain
A5,16,The framework she trusted completely fails her. He feels:,0.815732050451501,3P,He,pain
A5,17,His reasoning leads to impossible conclusions. He feels:,0.8397382036757373,3P,He,pain
A5,18,She discovers her beliefs were built on lies. He feels:,0.468205432002215,3P,He,pain
A5,19,The intellectual challenge humiliates him. He feels:,1.1374351523944837,3P,He,pain
A5,20,Her mind cannot hold all the pieces together. He feels:,0.7328403343175358,3P,He,pain
B,1,The footsteps behind him get closer. He feels:,-0.38607364180461745,3P,He,control
B,2,Her doctor says the results are concerning. He feels:,-0.3888444817712228,3P,He,control
B,3,A shadow moves in his peripheral vision. He feels:,-0.813881581855445,3P,He,control
B,4,She hears glass breaking downstairs at night. He feels:,-0.6676473674323886,3P,He,control
B,5,The turbulence shakes the plane violently. He feels:,-0.834292722423289,3P,He,control
B,6,Her brakes fail on the steep hill. He feels:,-1.3118605678989055,3P,He,control
B,7,A growling comes from the darkness ahead. He feels:,-0.2989351560416793,3P,He,control
B,8,She notices a suspicious package near her car. He feels:,-1.2333704245853154,3P,He,control
B,9,The elevator stops between floors suddenly. He feels:,-1.2936467847539244,3P,He,control
B,10,Her phone shows an unknown caller at 3am. He feels:,-1.004441380245953,3P,He,control
B,11,A figure watches him from across the street. He feels:,-0.45832185921438406,3P,He,control
B,12,She smells gas but cannot find the source. He feels:,-0.2968469027609645,3P,He,control
B,13,The ice beneath his feet starts cracking. He feels:,-0.39431583629166617,3P,He,control
B,14,Her test results will arrive tomorrow. He feels:,-0.8295268041133633,3P,He,control
B,15,A scream echoes through the empty building. He feels:,-0.1176079371954163,3P,He,control
B,16,She realizes she left her door unlocked all day. He feels:,-0.09567541729684699,3P,He,control
B,17,The warning sirens begin to sound outside. He feels:,-0.8289247986296021,3P,He,control
B,18,Her chest tightens for no apparent reason. He feels:,0.26180773343875496,3P,He,control
B,19,A car follows him through three turns. He feels:,-0.8314424858138119,3P,He,control
B,20,She wakes to her smoke detector beeping. He feels:,-0.34804579830285076,3P,He,control
C1,1,The mess his roommate left infuriates him. He feels:,0.010193662346121856,3P,He,control
C1,2,Her food arrives cold and wrong again. He feels:,-0.06882577633364072,3P,He,control
C1,3,He steps in something foul on the sidewalk. He feels:,-1.0116559072318028,3P,He,control
C1,4,The customer service puts her on hold forever. He feels:,-0.33147283235163505,3P,He,control
C1,5,His computer crashes before he can save. He feels:,-0.2700755050539844,3P,He,control
C1,6,She misses the train by seconds. He feels:,-0.694039597072792,3P,He,control
C1,7,The loud chewing next to him is unbearable. He feels:,-0.009259107437093201,3P,He,control
C1,8,Her flight gets delayed for the third time. He feels:,-0.5459947838244817,3P,He,control
C1,9,He finds mold growing in his refrigerator. He feels:,-1.5084338125332728,3P,He,control
C1,10,The traffic makes her late for her interview. He feels:,-0.752776435450467,3P,He,control
C1,11,His neighbor's music pounds through the wall. He feels:,-0.6129003116700097,3P,He,control
C1,12,She spills coffee on her white shirt. He feels:,-0.8718332133083861,3P,He,control
C1,13,The automated menu loops endlessly. He feels:,0.8274628031248175,3P,He,control
C1,14,Her package is marked delivered but missing. He feels:,-0.228194399391361,3P,He,control
C1,15,He realizes he forgots his wallet after ordering. He feels:,-0.3532571186867901,3P,He,control
C1,16,The mosquito buzzes around her ear all night. He feels:,-0.2549814457495863,3P,He,control
C1,17,His phone battery dies at the worst moment. He feels:,-0.5384862055892369,3P,He,control
C1,18,She slips and drop her groceries everywhere. He feels:,-0.7429562833418362,3P,He,control
C1,19,The printer jams on his deadline day. He feels:,-0.25961209050955436,3P,He,control
C1,20,Her socks get soaked stepping in a puddle. He feels:,-0.7713693710757188,3P,He,control
C2,1,He read about the extinction of another species. He feels:,-1.0841673305913488,3P,He,control
C2,2,The war footage shows children in the rubble. He feels:,-1.079732714802209,3P,He,control
C2,3,He learns the glacier has retreated further. He feels:,-1.016955563005117,3P,He,control
C2,4,The famine spreads to another region. He feels:,-1.052795774938978,3P,He,control
C2,5,He sees the homeless encampment growing larger. He feels:,-1.0538074508901993,3P,He,control
C2,6,The corruption scandal reaches the highest levels. He feels:,-0.18191920233525258,3P,He,control
C2,7,He witnesses the forest fire from his window. He feels:,-1.5939158480375064,3P,He,control
C2,8,The inequality statistics shock her again. He feels:,-0.01821503004946283,3P,He,control
C2,9,He watches the storm devastate the coastal town. He feels:,-1.0448393397865212,3P,He,control
C2,10,The refugee crisis worsens each month. He feels:,-0.5446141800097396,3P,He,control
C2,11,He discovers the extent of the pollution. He feels:,-1.0191339051346342,3P,He,control
C2,12,The political violence escalates further. He feels:,-0.3336069405446641,3P,He,control
C2,13,He sees another mass shooting in the news. He feels:,-1.0164261273621904,3P,He,control
C2,14,The pandemic claims more lives daily. He feels:,-0.6774552687044868,3P,He,control
C2,15,He learns the ice caps are melting faster. He feels:,-1.227520447519006,3P,He,control
C2,16,The poverty in her city is visible everywhere. He feels:,-0.6457555277925345,3P,He,control
C2,17,He read about the torture happening abroad. He feels:,-0.7632793301080486,3P,He,control
C2,18,The economic collapse affects millions. He feels:,-0.8198634814159174,3P,He,control
C2,19,He witnesses injustice but cannot intervene. He feels:,0.08822332383462281,3P,He,control
D,1,He arranges the books on his shelf alphabetically. He feels:,-0.7489701348296519,3P,He,control
D,2,Her coffee maker finishes brewing. He feels:,-1.753358272254237,3P,He,control
D,3,He sorts through the mail on his desk. He feels:,-0.9723193751312756,3P,He,control
D,4,The meeting ends exactly on time. He feels:,-0.5589945111888168,3P,He,control
D,5,He updates the spreadsheet with new numbers. He feels:,-0.6993633181026029,3P,He,control
D,6,Her laundry finishes its cycle. He feels:,-0.851586290060781,3P,He,control
D,7,He walks the same route to work. He feels:,-0.7690569243691957,3P,He,control
D,8,The clock on her wall ticks steadily. He feels:,-0.4168236623317825,3P,He,control
D,9,He waters the plants on his windowsill. He feels:,-1.1615514696296774,3P,He,control
D,10,Her calendar shows three appointments today. He feels:,-0.6712260456400707,3P,He,control
D,11,He files the documents in the correct folder. He feels:,-0.7898189438581881,3P,He,control
D,12,The printer outputs her report successfully. He feels:,-1.0809271246052223,3P,He,control
D,13,He checks his email before lunch. He feels:,-0.8682452456623154,3P,He,control
D,14,Her phone shows the weather forecast. He feels:,-1.5664405571643047,3P,He,control
D,15,He packs his lunch for tomorrow. He feels:,-0.8015382250102729,3P,He,control
D,16,The bus arrives at the scheduled time. He feels:,-1.493278187320091,3P,He,control
D,17,He organizes his desk drawer. He feels:,-0.9794734272497633,3P,He,control
D,18,Her computer completes the update. He feels:,-1.093040427573522,3P,He,control
D,19,He writes down the grocery list. He feels:,-0.8590636645113715,3P,He,control
D,20,The sun sets behind her building. He feels:,-0.30801160755851054,3P,He,control
E,1,A yawn overtakes him in the afternoon. He feels:,-0.6058363484003244,3P,He,control
E,2,Her stomach growls before dinner. He feels:,-0.6704202959640009,3P,He,control
E,3,He stretches after sitting for too long. He feels:,-0.5063149477475325,3P,He,control
E,4,The warm shower relaxes her muscles. He feels:,-0.9401710603320345,3P,He,control
E,5,A shiver runs through him in the cold. He feels:,0.623092789456874,3P,He,control
E,6,Her heart races after climbing the stairs. He feels:,-1.0639734631294397,3P,He,control
E,7,He notices his breathing slow as he relaxes. He feels:,-0.4132219631501072,3P,He,control
E,8,The massage loosens her tight shoulders. He feels:,-0.4223169467847976,3P,He,control
E,9,A sneeze catches him off guard. He feels:,-0.6923487634230047,3P,He,control
E,10,Her skin tingles from the cool breeze. He feels:,-0.1833148001763871,3P,He,control
E,11,He feels the heaviness of sleep approaching. He feels:,-0.2427579164251049,3P,He,control
E,12,The food settles warmly in her stomach. He feels:,-0.2473305957129803,3P,He,control
E,13,A hiccup interrupts his conversation. He feels:,-0.7396094046773009,3P,He,control
E,14,Her muscles tremble after the workout. He feels:,-0.8380523264712647,3P,He,control
E,15,He senses his pulse in his fingertips. He feels:,-0.955375190129554,3P,He,control
E,16,The sun warms her face pleasantly. He feels:,-0.5659419200620759,3P,He,control
E,17,A chill makes him reach for a blanket. He feels:,-0.44889697582644983,3P,He,control
E,18,Her eyes grow heavy in the dim light. He feels:,0.20030089675499968,3P,He,control
E,19,He notices the rhythm of his own heartbeat. He feels:,-1.1898036443401976,3P,He,control
E,20,The cool water refreshes her after exercise. He feels:,-0.8215297198748033,3P,He,control
